Timestamp,X,Y,Z,Xangle,Yangle,Zangle
4.152035,0.9286647,1.094386,0.5276253,0.2269351,-0.3859507,-0.4295133
4.173935,0.928483,1.095975,0.5269275,0.2266526,-0.3887791,-0.4311399
4.193372,0.92823,1.09677,0.5260892,0.226758,-0.3910546,-0.4317899
4.21288,0.9279854,1.097017,0.525546,0.2266386,-0.3918506,-0.4317871
4.232601,0.9279196,1.097467,0.5251335,0.2264244,-0.3929223,-0.4315295
4.252794,0.9281924,1.097727,0.5250551,0.2265877,-0.3934915,-0.4310139
4.273051,0.9282172,1.097618,0.5248845,0.2271637,-0.3937928,-0.4301012
4.295424,0.9280837,1.097382,0.5246367,0.2275378,-0.3931889,-0.4297959
4.320874,0.9284925,1.097322,0.5245638,0.2278854,-0.3923748,-0.4306624
4.344359,0.928735,1.09742,0.5246845,0.2279886,-0.3921334,-0.4305819
4.373788,0.9290175,1.097183,0.5247391,0.2282933,-0.3915818,-0.4300733
4.411128,0.9291341,1.097158,0.5247469,0.2293396,-0.3909704,-0.4308581
4.430912,0.9294741,1.097366,0.5250324,0.229165,-0.3900259,-0.433114
4.450446,0.929472,1.097408,0.5256097,0.2287265,-0.3885991,-0.4339458
4.470248,0.9294755,1.097257,0.5257936,0.228868,-0.3879745,-0.4343764
4.489728,0.9295266,1.097041,0.5261025,0.2291107,-0.3872398,-0.4351452
4.510499,0.9294605,1.096467,0.5265157,0.2290554,-0.386363,-0.4351182
4.53071,0.9299808,1.095614,0.5273992,0.2286995,-0.3839627,-0.4346107
4.550504,0.9308121,1.094817,0.5283861,0.2292967,-0.3807502,-0.4348345
4.570484,0.9311373,1.09442,0.5289788,0.2299205,-0.378723,-0.4357155
4.590735,0.9317179,1.093796,0.5300759,0.231381,-0.3754304,-0.4377
4.610157,0.9321842,1.093024,0.530975,0.2326327,-0.372835,-0.4385016
4.63034,0.9324188,1.092418,0.5318215,0.2331966,-0.3708356,-0.4389454
4.650258,0.9328132,1.092126,0.5324683,0.2326988,-0.3690868,-0.4387553
4.669725,0.9330406,1.091856,0.5329667,0.2324379,-0.3682181,-0.4385806
4.689851,0.9333396,1.091818,0.5334216,0.232198,-0.3667728,-0.4382322
4.710588,0.933388,1.091911,0.5339277,0.2323262,-0.3664375,-0.4381358
4.730887,0.9336932,1.092356,0.5351745,0.23173,-0.366094,-0.439188
4.750171,0.9342108,1.092799,0.5361029,0.2301763,-0.3660954,-0.4411365
4.769677,0.9342098,1.092836,0.5363431,0.2295399,-0.3663545,-0.4418222
4.789306,0.9344726,1.093403,0.536991,0.228159,-0.3666051,-0.442434
4.809192,0.9349415,1.093571,0.5381665,0.2274877,-0.365637,-0.4424889
4.828309,0.9355178,1.093293,0.5391734,0.2273325,-0.3639517,-0.4429943
4.847711,0.9356842,1.093279,0.5396609,0.2274084,-0.3630701,-0.4434864
4.870491,0.9358115,1.092647,0.5401965,0.2271227,-0.3620127,-0.4434269
4.889923,0.9361253,1.091922,0.5409636,0.2269977,-0.3610593,-0.4430029
4.910581,0.935848,1.091387,0.5416038,0.2268807,-0.3599619,-0.4430293
4.930342,0.9358885,1.090921,0.5417982,0.2275057,-0.3595048,-0.4425717
4.960515,0.9366639,1.090627,0.5424228,0.2273881,-0.3590379,-0.4429558
4.980587,0.9367085,1.090575,0.5424176,0.2271271,-0.3591787,-0.4423256
5.000353,0.9368274,1.090447,0.5427032,0.227078,-0.3599847,-0.441414
5.0209,0.9365444,1.09032,0.5427588,0.2270168,-0.3601247,-0.4415202
5.040934,0.9364841,1.090529,0.5430732,0.2268741,-0.3599179,-0.4418916
5.067677,0.9368618,1.090286,0.543534,0.2267368,-0.3593586,-0.4420226
5.093763,0.9367361,1.090336,0.5438305,0.2269959,-0.3585046,-0.4430496
5.115719,0.9366484,1.090343,0.5438671,0.2269422,-0.358595,-0.4430825
5.142103,0.9360483,1.090542,0.5440775,0.2255495,-0.3598051,-0.4422387
5.161899,0.9356723,1.090723,0.544047,0.225228,-0.3607678,-0.4424432
5.182193,0.9355462,1.090785,0.5443263,0.2252386,-0.3609903,-0.4427772
5.208287,0.9355412,1.090702,0.5445253,0.2255504,-0.3610202,-0.4425989
5.234206,0.9355972,1.090642,0.5450915,0.2250861,-0.3603658,-0.4427321
5.254063,0.9355102,1.090736,0.5455142,0.2247472,-0.3599866,-0.4432113
5.280013,0.9354019,1.091105,0.5463011,0.2241867,-0.3597015,-0.4436032
5.300513,0.9355874,1.091078,0.5470389,0.2234586,-0.3586257,-0.4436621
5.321971,0.9358621,1.091459,0.5479189,0.2225986,-0.357235,-0.4438175
5.341779,0.9363394,1.091607,0.5487826,0.222484,-0.3554933,-0.4450666
5.36811,0.9367325,1.092115,0.5496242,0.2214043,-0.3544996,-0.4465908
5.413341,0.9373512,1.092485,0.5511981,0.2182565,-0.3531007,-0.4474293
5.446426,0.9381826,1.092436,0.5529929,0.2181176,-0.3506147,-0.4475507
5.466274,0.9389217,1.092197,0.5539993,0.2179501,-0.3490746,-0.4475347
5.486311,0.9395807,1.09199,0.5548673,0.2172382,-0.348,-0.4477822
5.506562,0.9405029,1.091853,0.5559207,0.2159714,-0.3470667,-0.4478396
5.528316,0.9412532,1.091729,0.5570724,0.2153423,-0.3457188,-0.4480064
5.547993,0.9416349,1.091509,0.5574619,0.215012,-0.3451296,-0.4478318
5.57407,0.9429212,1.091058,0.5590708,0.2140502,-0.3426463,-0.4478039
5.598607,0.9438069,1.090804,0.5600922,0.2138728,-0.3409625,-0.4480924
5.629823,0.9447911,1.09061,0.5610664,0.2134806,-0.3397473,-0.4483249
5.664588,0.946701,1.090245,0.5629742,0.2123313,-0.3380156,-0.4480467
5.684241,0.9473994,1.089663,0.5634587,0.2124918,-0.3362616,-0.4477832
5.703897,0.9480176,1.08906,0.5641333,0.213154,-0.3345027,-0.4482651
5.723856,0.9483182,1.089022,0.5645283,0.2133583,-0.3341794,-0.4483324
5.745457,0.9492769,1.088694,0.5652546,0.2129536,-0.3339772,-0.4476421
5.76532,0.9498169,1.088316,0.5658543,0.2123885,-0.3341813,-0.4468368
5.785015,0.9503593,1.087934,0.5663395,0.2127209,-0.3339339,-0.4457207
5.806143,0.9506426,1.087332,0.5665449,0.2137996,-0.3333028,-0.4455335
5.827208,0.9511383,1.08696,0.5670409,0.2143289,-0.3327317,-0.444755
5.847515,0.951303,1.086831,0.5673021,0.2146349,-0.3324104,-0.4446915
5.868239,0.9514551,1.086685,0.5673488,0.215065,-0.3323212,-0.4451393
5.888277,0.9515419,1.086664,0.5676565,0.2144717,-0.3329111,-0.4450748
5.907926,0.9515119,1.087129,0.5682566,0.2135124,-0.3336305,-0.4448108
5.927963,0.9514904,1.087381,0.5685076,0.2134902,-0.3341841,-0.4447248
5.949008,0.9514787,1.087431,0.5689421,0.2141638,-0.3337435,-0.4449401
5.969252,0.9515417,1.087524,0.5691955,0.214358,-0.3332493,-0.4454107
5.990222,0.9517188,1.088116,0.5697827,0.2140706,-0.3326935,-0.4465032
6.012664,0.9516177,1.088351,0.5701721,0.2128515,-0.3334034,-0.4469305
6.032486,0.9516015,1.088859,0.5706598,0.2120606,-0.3336887,-0.447591
6.052085,0.9517403,1.089203,0.5711688,0.2120527,-0.3330666,-0.4483516
6.072326,0.9518845,1.089265,0.571578,0.2119392,-0.3325186,-0.4487565
6.091975,0.9518623,1.089238,0.5719867,0.2120129,-0.3322014,-0.4489956
6.111574,0.9520559,1.089159,0.5725042,0.2121321,-0.3318354,-0.4496368
6.13188,0.9526579,1.089268,0.5732702,0.2118676,-0.3315389,-0.4501459
6.152982,0.9535234,1.08913,0.5738049,0.2115128,-0.3312453,-0.4504533
6.172668,0.9540114,1.089024,0.5748386,0.2115172,-0.330466,-0.451037
6.193122,0.9548614,1.088611,0.5758436,0.2116907,-0.3294198,-0.4510808
6.213424,0.9553061,1.088364,0.5763836,0.2117997,-0.3286307,-0.4512307
6.234035,0.9560018,1.087967,0.5774201,0.2123833,-0.3271194,-0.4517047
6.254404,0.9566307,1.08761,0.5782635,0.2125413,-0.3258019,-0.4522327
6.27494,0.9575226,1.087244,0.5792315,0.2121586,-0.3244945,-0.4526796
6.295625,0.9582684,1.086939,0.5801091,0.2122259,-0.3232407,-0.4530307
6.315783,0.958992,1.086653,0.5811121,0.2126747,-0.3219581,-0.4539015
6.33628,0.9594789,1.086513,0.5815557,0.2125755,-0.3214138,-0.454124
6.357603,0.9602981,1.086346,0.5825653,0.2120674,-0.3201175,-0.4545488
6.37759,0.961148,1.086277,0.583995,0.2117413,-0.3190396,-0.4554763
6.39777,0.9624569,1.086282,0.5852104,0.2112225,-0.3180976,-0.4562913
6.41735,0.9636176,1.086104,0.5865446,0.2105935,-0.3168749,-0.4569315
6.437843,0.9650898,1.086039,0.5881073,0.2098843,-0.3146273,-0.457549
6.457857,0.9658337,1.085829,0.5890172,0.2096309,-0.3133709,-0.4579054
6.477905,0.9670169,1.085801,0.5908179,0.2093318,-0.3113192,-0.4592802
6.497797,0.9680154,1.085571,0.5924883,0.2083136,-0.3095586,-0.4603129
6.51771,0.9697027,1.085509,0.5944558,0.2065792,-0.3074041,-0.460684
6.53802,0.9717839,1.085052,0.5967059,0.2058971,-0.3041057,-0.4614623
6.559723,0.9736414,1.084608,0.5990123,0.2051877,-0.3012631,-0.4628359
6.580857,0.9745054,1.084469,0.6000019,0.2048161,-0.3000628,-0.4633933
6.603353,0.9775965,1.084102,0.6033466,0.2023149,-0.2967225,-0.4642411
6.62598,0.9796894,1.08381,0.6059151,0.2008669,-0.2936045,-0.4649754
6.649246,0.9817555,1.083226,0.6081843,0.199924,-0.2900083,-0.4657935
6.673258,0.9844005,1.082713,0.6107535,0.1988842,-0.286579,-0.4669155
6.696767,0.9869676,1.082329,0.6131321,0.1974748,-0.2831456,-0.4684504
6.72053,0.9898248,1.081838,0.6153722,0.1955896,-0.280064,-0.4689859
6.74418,0.9927571,1.081243,0.6178514,0.1942938,-0.27635,-0.4694718
6.768529,0.9955702,1.080632,0.6204358,0.1935085,-0.2721004,-0.4705443
6.791911,0.9984415,1.080109,0.622942,0.1924423,-0.2678854,-0.471447
6.815183,1.002924,1.079275,0.6264422,0.1898111,-0.2621717,-0.4735978
6.83852,1.005639,1.078998,0.6288521,0.187796,-0.2587433,-0.4743135
6.861644,1.008593,1.078348,0.6312377,0.1861565,-0.2546963,-0.4749703
6.88491,1.01149,1.07759,0.6337813,0.184625,-0.2502945,-0.475891
6.908484,1.014427,1.077013,0.6361204,0.1831109,-0.2458432,-0.476777
6.931666,1.01752,1.076499,0.6386281,0.1815908,-0.2415201,-0.4777193
6.954933,1.020852,1.076231,0.6413484,0.1795779,-0.2377855,-0.4784894
6.979254,1.024215,1.076086,0.643641,0.1768233,-0.2337395,-0.4794522
7.002761,1.027713,1.075921,0.6460626,0.174695,-0.2297534,-0.4801461
7.026174,1.031915,1.075307,0.6494877,0.1725177,-0.2240022,-0.4803826
7.049642,1.034747,1.074902,0.6519096,0.1709708,-0.2200344,-0.4806374
7.073525,1.037898,1.075177,0.6543264,0.1690288,-0.216379,-0.4815761
7.098472,1.040877,1.075117,0.6564853,0.166716,-0.2135475,-0.481951
7.123012,1.043351,1.075503,0.6588049,0.1644433,-0.2109571,-0.4816911
7.147381,1.045921,1.075502,0.660894,0.1628289,-0.2078168,-0.4819947
7.171761,1.049406,1.075446,0.6637573,0.159959,-0.2039088,-0.4820163
7.197012,1.051725,1.075646,0.665464,0.1583712,-0.2006701,-0.4820583
7.22088,1.054276,1.075782,0.6673877,0.1568473,-0.1974462,-0.4831064
7.243994,1.056193,1.076072,0.6690345,0.1545838,-0.1958043,-0.4833325
7.267491,1.058396,1.076299,0.6705595,0.1523042,-0.1937463,-0.4836479
7.291025,1.060206,1.076063,0.6720926,0.1508093,-0.1908782,-0.483994
7.314174,1.062804,1.075435,0.6741002,0.149166,-0.186498,-0.4840841
7.338022,1.064809,1.075184,0.6753079,0.1482365,-0.18366,-0.4843763
7.361641,1.066697,1.074902,0.6764739,0.1470112,-0.1809765,-0.4849946
7.384581,1.06834,1.074784,0.6776996,0.1458378,-0.1789122,-0.4854357
7.409002,1.069726,1.074563,0.6783226,0.145035,-0.1770573,-0.4856213
7.43285,1.071022,1.074242,0.6791439,0.1443098,-0.1750747,-0.4856188
7.455847,1.072453,1.074037,0.6799386,0.143466,-0.1733543,-0.4848186
7.478844,1.074058,1.073497,0.6807754,0.1428648,-0.1711263,-0.4848609
7.501801,1.075447,1.07296,0.6817435,0.1427686,-0.1687175,-0.4861536
7.525506,1.077355,1.07222,0.6828866,0.1423684,-0.1657696,-0.4857352
7.549575,1.078544,1.071899,0.6838843,0.1417902,-0.1640116,-0.4856148
7.573806,1.079204,1.071499,0.6848443,0.1411287,-0.1625525,-0.4861192
7.596725,1.080332,1.071067,0.6858778,0.1401336,-0.16092,-0.486332
7.621058,1.081373,1.070721,0.687211,0.1394164,-0.1590677,-0.4864289
7.64386,1.082578,1.07066,0.6886911,0.1387329,-0.1572351,-0.4867454
7.666935,1.083806,1.07058,0.6902441,0.1377072,-0.1554655,-0.4868728
7.690381,1.08461,1.070647,0.6914203,0.1365804,-0.1540315,-0.4873911
7.727437,1.086386,1.070891,0.6940569,0.134108,-0.1524931,-0.4881019
7.750104,1.0872,1.070909,0.6957389,0.1332505,-0.1515906,-0.4874423
7.773032,1.087987,1.070722,0.6971018,0.133241,-0.150085,-0.4873744
7.795809,1.088944,1.0706,0.6983341,0.1332725,-0.1489949,-0.4876477
7.818843,1.089227,1.070612,0.6993382,0.1323706,-0.1495308,-0.4869962
7.843642,1.089645,1.070586,0.70031,0.1316965,-0.1495292,-0.4860321
7.866811,1.090078,1.070418,0.7011759,0.1322713,-0.1487296,-0.4858445
7.889817,1.089879,1.070206,0.701722,0.1328021,-0.1487512,-0.4860299
7.912457,1.089546,1.070362,0.7022097,0.1323519,-0.1495431,-0.485218
7.93579,1.089275,1.070279,0.7023838,0.1320687,-0.1504129,-0.4849267
7.959106,1.088813,1.070329,0.7032168,0.1327801,-0.1510333,-0.4847516
7.984117,1.08856,1.070391,0.7036324,0.1331136,-0.1512328,-0.4850256
8.008437,1.08835,1.070733,0.7037067,0.132991,-0.1519038,-0.4849806
8.033128,1.087786,1.071,0.7036066,0.1328291,-0.1537761,-0.4843261
8.059324,1.086599,1.071412,0.7029886,0.1324445,-0.156047,-0.4847736
8.084392,1.086281,1.07143,0.7024417,0.1323392,-0.1566832,-0.4845581
8.115802,1.085678,1.071267,0.7018409,0.1325187,-0.1574729,-0.4839979
8.146378,1.085126,1.070872,0.7011094,0.1332664,-0.158225,-0.484042
8.187602,1.085261,1.070545,0.6999073,0.1347381,-0.1578099,-0.484169
8.22815,1.085003,1.070329,0.6981792,0.1350696,-0.1586462,-0.4848787
8.250783,1.085488,1.07025,0.6975187,0.1347533,-0.1593449,-0.4848745
8.27495,1.086167,1.07027,0.6970677,0.1341234,-0.1601194,-0.4841167
8.296885,1.086795,1.070088,0.6964306,0.1338677,-0.1603097,-0.4836806
8.318021,1.087577,1.069886,0.696215,0.1337719,-0.1598353,-0.4837522
8.343158,1.088351,1.069458,0.6960773,0.1334934,-0.1590247,-0.484344
8.36464,1.089473,1.069084,0.6961161,0.1338985,-0.1580213,-0.4849139
8.386365,1.090543,1.068503,0.6960981,0.1341672,-0.1566892,-0.485239
8.409792,1.091901,1.067928,0.6960335,0.1340201,-0.1549919,-0.484383
8.433142,1.093398,1.067661,0.6960155,0.1337065,-0.1540485,-0.4838528
8.454723,1.094794,1.067505,0.6960535,0.1332683,-0.1538677,-0.4836354
8.477295,1.095654,1.067561,0.6958435,0.1323603,-0.1544074,-0.4834146
8.49867,1.096556,1.067511,0.6955485,0.1313365,-0.1551759,-0.4829872
8.520917,1.097578,1.067751,0.6954572,0.1307929,-0.1564995,-0.4825113
8.543009,1.098001,1.068083,0.695439,0.1310453,-0.1593799,-0.4825679
8.564378,1.097584,1.068292,0.6945122,0.1319187,-0.1626741,-0.481886
8.585999,1.096991,1.068586,0.6935631,0.1322692,-0.1668595,-0.4796355
8.607628,1.095866,1.069392,0.6920667,0.1328122,-0.1729026,-0.4776132
8.628917,1.094649,1.070222,0.6905463,0.1347963,-0.1778873,-0.4792113
8.650452,1.093257,1.070885,0.6889374,0.1372271,-0.1824375,-0.4820177
8.671655,1.090997,1.071277,0.686729,0.1406031,-0.1874994,-0.4860186
8.694305,1.087461,1.071476,0.6837412,0.1441288,-0.1946151,-0.487058
8.715658,1.083364,1.071822,0.6801538,0.1472098,-0.2033134,-0.4852979
8.736975,1.079252,1.071986,0.6766324,0.1508471,-0.2105999,-0.4873788
8.758412,1.075209,1.071848,0.6730907,0.1561169,-0.2156098,-0.4916597
8.780326,1.070267,1.071283,0.6693561,0.1628086,-0.2183487,-0.4969789
8.802229,1.067749,1.070863,0.6674995,0.1662941,-0.2196528,-0.4996721
8.824575,1.062153,1.069742,0.6636863,0.1723407,-0.2230358,-0.5048719
8.846375,1.056573,1.068562,0.6600837,0.1773255,-0.2264241,-0.5088221
8.868071,1.051449,1.067542,0.6559179,0.1792905,-0.2292264,-0.5201603
8.889552,1.045302,1.066157,0.6526721,0.1824989,-0.230572,-0.5305934
8.911706,1.039237,1.06415,0.6495717,0.1879311,-0.2283169,-0.5389637
8.933267,1.032996,1.061604,0.6461208,0.1947647,-0.2261873,-0.5477624
8.95436,1.025897,1.059413,0.6428692,0.2005487,-0.2240253,-0.5556429
8.976173,1.019079,1.057345,0.639796,0.2055458,-0.2210216,-0.5660135
8.999062,1.012271,1.055387,0.6367012,0.2097899,-0.2171581,-0.5814632
9.0202,1.005301,1.053837,0.6332541,0.2119402,-0.2161706,-0.593723
9.041457,0.9978633,1.052307,0.6299305,0.2126657,-0.2169228,-0.6062382
9.062922,0.9902499,1.051042,0.6269357,0.2122731,-0.2182639,-0.620547
9.084148,0.9830403,1.048929,0.6236157,0.2104924,-0.2187998,-0.6290067
9.105549,0.9755807,1.046038,0.620515,0.210661,-0.2166053,-0.633996
9.127596,0.9689615,1.04285,0.6174455,0.2117337,-0.2115404,-0.6441395
9.148545,0.9617143,1.039531,0.6140323,0.2135002,-0.2073068,-0.6566091
9.169906,0.9551103,1.037107,0.6105608,0.2098339,-0.2049641,-0.6650864
9.191178,0.9489768,1.035105,0.6069901,0.2031108,-0.2040604,-0.6730191
9.212694,0.9457836,1.033809,0.6050379,0.2008593,-0.2030626,-0.6774262
9.235198,0.9389629,1.030479,0.6007905,0.2029679,-0.2003682,-0.6887959
9.256972,0.9323473,1.026981,0.5966363,0.2053084,-0.1970368,-0.6970652
9.279037,0.9264159,1.023913,0.5921693,0.2014401,-0.1946754,-0.6986536
9.300581,0.920213,1.020968,0.5872304,0.1978316,-0.1939371,-0.7036464
9.322058,0.9136062,1.018343,0.5823023,0.1960741,-0.1939672,-0.7068993
9.3444,0.9073339,1.015308,0.5774109,0.195561,-0.1904831,-0.7089841
9.366504,0.9010992,1.012497,0.572353,0.196812,-0.1863041,-0.7117006
9.387875,0.8951967,1.010183,0.5673811,0.1973504,-0.1831942,-0.716213
9.409431,0.889379,1.008361,0.5624573,0.1982124,-0.1793818,-0.7229837
9.430937,0.8833804,1.006946,0.5577885,0.1972194,-0.177997,-0.7263482
9.45219,0.8775146,1.005989,0.5536319,0.1935868,-0.1774698,-0.7280326
9.47383,0.8715336,1.004919,0.5499251,0.1913336,-0.177128,-0.7300335
9.494919,0.8655179,1.003596,0.5468862,0.1899716,-0.1763294,-0.7314664
9.516679,0.860431,1.003087,0.5442997,0.1857173,-0.174749,-0.7326488
9.537713,0.8557496,1.002523,0.5424666,0.179314,-0.1729152,-0.7359106
9.559909,0.8513954,1.001534,0.5410173,0.1754023,-0.1698518,-0.7402113
9.580952,0.8471377,0.9997786,0.5400056,0.17294,-0.1669587,-0.7390841
9.602329,0.8423333,0.9979606,0.5389616,0.1709953,-0.1671769,-0.7361804
9.623692,0.8400774,0.9970778,0.5383449,0.1693002,-0.1670871,-0.7355517
9.645338,0.8357208,0.9951624,0.5377424,0.1664272,-0.1661464,-0.7354329
9.668023,0.8319769,0.9936101,0.5373987,0.1627649,-0.1653296,-0.7321786
9.697461,0.8276813,0.9928066,0.5369887,0.1550712,-0.1691744,-0.7321249
9.72663,0.8240519,0.9924445,0.5373108,0.1496452,-0.1708524,-0.7300619
9.748713,0.822288,0.9926938,0.5377264,0.1470346,-0.1711188,-0.7333932
9.771962,0.8209209,0.9926773,0.5381666,0.1448279,-0.1704368,-0.7342804
9.794081,0.8200684,0.9929723,0.5384718,0.1410568,-0.1691965,-0.733406
9.816016,0.8198359,0.9945816,0.5383627,0.1342472,-0.1710184,-0.7331622
9.837489,0.8194351,0.9972643,0.5377426,0.1296635,-0.1769561,-0.7369148
9.85883,0.8182878,0.9985425,0.5371003,0.1300951,-0.1799643,-0.739678
9.880135,0.8172691,0.9986981,0.5360533,0.1331452,-0.1779744,-0.7417867
9.901469,0.8166862,0.9985545,0.5353622,0.1343771,-0.1771163,-0.7428752
9.922953,0.8154485,0.9982799,0.5340428,0.1365012,-0.1781331,-0.7429838
9.943862,0.8136055,0.9978285,0.531975,0.1360996,-0.1796709,-0.7410089
9.96533,0.8118842,0.9973751,0.5306567,0.1350472,-0.1812634,-0.7390839
9.987632,0.8102219,0.9970063,0.5297327,0.1360008,-0.1829104,-0.7380177
10.00892,0.8086932,0.9960896,0.5292981,0.1390001,-0.1822813,-0.7382857
10.03127,0.807723,0.9952103,0.5292647,0.1405022,-0.1784296,-0.739114
10.05226,0.807333,0.9940065,0.529762,0.1411719,-0.1727406,-0.7401733
10.07379,0.8067393,0.9932873,0.5305169,0.1402879,-0.1691829,-0.7403224
10.09653,0.8060234,0.9930747,0.5312924,0.1388651,-0.1692397,-0.7394491
10.11865,0.8053076,0.9927,0.5319717,0.1383675,-0.1690516,-0.7404502
10.14148,0.8048131,0.9921186,0.5331513,0.1392238,-0.1664286,-0.741225
10.16288,0.8044345,0.9908845,0.5344399,0.142248,-0.161784,-0.7423346
10.18449,0.8041568,0.9899822,0.5354245,0.1442213,-0.1589797,-0.7436832
10.20771,0.8039098,0.9901102,0.5363051,0.1438223,-0.1589153,-0.7417817
10.2297,0.8037148,0.9904821,0.5370591,0.1430954,-0.1615441,-0.7427588
10.25147,0.8031847,0.9911973,0.537241,0.1448382,-0.1647929,-0.744468
10.27316,0.8026466,0.9917694,0.5373409,0.1480112,-0.1666577,-0.746427
10.29474,0.8022377,0.9923699,0.5378217,0.1490133,-0.1677875,-0.7464064
10.31578,0.8022342,0.9933008,0.5384142,0.148175,-0.1692499,-0.7443527
10.33704,0.8027003,0.9939586,0.5389125,0.1457948,-0.1698431,-0.7444717
10.35827,0.8028877,0.9947035,0.5392895,0.1431011,-0.1709677,-0.7434109
10.37914,0.802773,0.9951247,0.539602,0.1418515,-0.1714393,-0.7428575
10.4539,0.8032894,0.9948924,0.540576,0.1461072,-0.164714,-0.7425706
10.47814,0.8032687,0.9955478,0.5408483,0.1449779,-0.1656089,-0.7416303
10.50145,0.8037257,0.9962368,0.5409608,0.1443213,-0.1662105,-0.7407335
10.54107,0.8051298,0.9968306,0.5408683,0.14448,-0.1636918,-0.7394644
10.56525,0.8052368,0.9966828,0.5403657,0.1476225,-0.1623326,-0.7401989
10.58993,0.8055024,0.9969709,0.539886,0.1488656,-0.1617164,-0.7403836
10.61712,0.8059537,0.9978768,0.53894,0.1471455,-0.1631599,-0.7383807
10.64122,0.805865,0.9992839,0.5388322,0.1465612,-0.1662533,-0.7388981
10.66507,0.8055778,1.000206,0.5382464,0.1482814,-0.1676621,-0.7384896
10.69037,0.8056428,1.001529,0.5374457,0.1509898,-0.1661239,-0.7410805
10.71461,0.8054299,1.002892,0.5368733,0.149762,-0.1669275,-0.7403488
10.73805,0.8056138,1.004683,0.5366683,0.1492934,-0.1661586,-0.741937
10.76129,0.8053336,1.006197,0.5365577,0.1494087,-0.1655878,-0.742488
10.7839,0.8053343,1.00778,0.5363393,0.1495058,-0.1663591,-0.7417033
10.80706,0.8056293,1.009345,0.5365574,0.1485032,-0.1662332,-0.7429821
10.8295,0.8054945,1.010611,0.5366447,0.1464002,-0.1655365,-0.7422233
10.85171,0.8058782,1.011561,0.5366278,0.1456929,-0.1647425,-0.7403175
10.87435,0.806468,1.012017,0.5366588,0.1461806,-0.1642138,-0.7381905
10.89785,0.807065,1.012829,0.5367919,0.144777,-0.1642807,-0.7376016
10.92056,0.8075011,1.013391,0.5368805,0.1441041,-0.1638447,-0.737378
10.94407,0.8081682,1.013935,0.5370528,0.1438246,-0.1619331,-0.7378718
10.96767,0.8087234,1.014399,0.537267,0.1428196,-0.1610775,-0.7355493
10.99077,0.8097811,1.014928,0.537141,0.1402472,-0.1597597,-0.7305432
11.01384,0.8106754,1.016021,0.5370901,0.1379076,-0.1599392,-0.7286011
11.03708,0.8113527,1.017111,0.5368764,0.1374217,-0.1605689,-0.7279387
11.06098,0.8115709,1.018573,0.5365301,0.1364092,-0.162995,-0.7233556
11.08398,0.8117566,1.020408,0.5363963,0.1347829,-0.1654272,-0.7175241
11.10808,0.8116477,1.022384,0.5359125,0.1334188,-0.1685361,-0.7093338
11.13072,0.8119841,1.025068,0.5354781,0.1299666,-0.1724241,-0.702953
11.1538,0.8129184,1.02826,0.5351521,0.1250903,-0.1734473,-0.7008443
11.17629,0.8136988,1.031191,0.5351449,0.1224133,-0.1734782,-0.6946082
11.19855,0.8134127,1.033581,0.534971,0.122192,-0.1749404,-0.6817536
11.22164,0.813447,1.036501,0.5347042,0.1212494,-0.1760821,-0.668367
11.24455,0.8148193,1.039974,0.5345522,0.117979,-0.1733504,-0.6640368
11.2681,0.8162754,1.045692,0.5340641,0.115622,-0.1722068,-0.6569927
11.29105,0.8172603,1.050593,0.5335068,0.110126,-0.1723654,-0.6461027
11.31516,0.8179832,1.055616,0.5328419,0.1067069,-0.1727678,-0.6354406
11.33786,0.8182545,1.06083,0.5317491,0.1054123,-0.1733939,-0.6317748
11.36123,0.8181715,1.066693,0.5306652,0.1026136,-0.1755107,-0.6228775
11.38547,0.8177361,1.072601,0.5295773,0.09883273,-0.1773146,-0.610639
11.40921,0.8164496,1.078124,0.5283487,0.09723404,-0.1782598,-0.5944782
11.43304,0.8145354,1.084378,0.5268495,0.09532975,-0.1808715,-0.5857405
11.45628,0.812264,1.090353,0.5250255,0.09332062,-0.1835726,-0.5722092
11.47993,0.8097098,1.099565,0.5233246,0.08565379,-0.1836499,-0.5453913
11.50353,0.8076653,1.10628,0.5223067,0.08060358,-0.1836753,-0.5316059
11.52815,0.8050439,1.112173,0.5211254,0.08012678,-0.1817142,-0.5157068
11.55201,0.8022699,1.118502,0.5198661,0.07699933,-0.1787791,-0.5033933
11.57614,0.7989535,1.125837,0.5184515,0.06906963,-0.1809312,-0.489603
11.59923,0.7953556,1.133536,0.516988,0.06054743,-0.1810694,-0.4773411
11.62273,0.7918773,1.140118,0.515512,0.05594923,-0.1755879,-0.4637894
11.6465,0.7858644,1.150161,0.5137203,0.0535349,-0.1702205,-0.4558606
11.66993,0.7809522,1.156928,0.5117562,0.04901043,-0.1685597,-0.4457933
11.69357,0.7758446,1.163534,0.5089389,0.04444801,-0.1653019,-0.4379495
11.71747,0.7698474,1.170614,0.5060796,0.03946346,-0.1638846,-0.4300315
11.74187,0.7636538,1.176666,0.5033123,0.03723385,-0.1599112,-0.4228275
11.76503,0.7563629,1.182143,0.500144,0.04058539,-0.1563407,-0.4202865
11.78902,0.7486515,1.187786,0.4968784,0.04120357,-0.1558689,-0.418719
11.81335,0.7372043,1.197155,0.491397,0.03321188,-0.155022,-0.4124254
11.83732,0.7280955,1.203591,0.4874159,0.02657238,-0.1559977,-0.4046476
11.8609,0.7181795,1.209909,0.4832914,0.02260741,-0.158157,-0.4022077
11.88445,0.7078574,1.215689,0.4790628,0.02247752,-0.1613352,-0.4042815
11.90747,0.6972768,1.220794,0.4747609,0.02327001,-0.161765,-0.405774
11.9307,0.6866479,1.225832,0.470489,0.02118966,-0.1612509,-0.4048862
11.95502,0.6758709,1.231367,0.4664316,0.01607254,-0.1628219,-0.402301
11.97764,0.6646488,1.236893,0.4624298,0.008619582,-0.1659779,-0.3963742
12.00076,0.6533859,1.241343,0.4587028,0.005567263,-0.1652765,-0.3956195
12.0232,0.6359587,1.245419,0.4538006,0.01358221,-0.1628098,-0.3990655
12.04615,0.6232653,1.248301,0.4503543,0.01505083,-0.1648757,-0.4003355
12.06953,0.6106544,1.251973,0.4470204,0.01063204,-0.1674818,-0.3956521
12.09256,0.5981796,1.255434,0.4441596,0.006891299,-0.1677964,-0.391614
12.11499,0.5850496,1.258087,0.4411594,0.009182901,-0.1701929,-0.3910174
12.13829,0.5724545,1.260284,0.4388909,0.0126724,-0.1709873,-0.3915982
12.1626,0.559612,1.263834,0.4369677,0.01135516,-0.1743643,-0.3926548
12.18629,0.5461473,1.26817,0.4344579,0.002176826,-0.1797513,-0.3878367
12.21521,0.5255549,1.272941,0.4315201,-0.007174163,-0.1842524,-0.3794452
12.24449,0.5119464,1.274945,0.4304829,-0.007121001,-0.1848877,-0.3765396
12.29737,0.4754925,1.276187,0.4281398,-0.002290242,-0.1918922,-0.3711163
12.32228,0.4613557,1.276766,0.4277394,-0.005371094,-0.1919804,-0.3666132
12.34775,0.4397855,1.276774,0.4274858,-0.007052665,-0.193131,-0.3617377
12.37306,0.4251022,1.276154,0.4276912,-0.004952506,-0.1941887,-0.3587171
12.39698,0.4107332,1.274931,0.4284647,-0.001760523,-0.192717,-0.3574319
12.42374,0.3898346,1.272333,0.4293289,0.004391139,-0.1881277,-0.3557263
12.44761,0.3757319,1.271337,0.4296702,0.005373868,-0.1877642,-0.3527716
12.47089,0.3624792,1.27034,0.4297466,0.0035295,-0.1865199,-0.3485691
12.4948,0.3497949,1.268532,0.4293085,0.006500746,-0.1841557,-0.3446527
12.51804,0.3367202,1.266028,0.4293905,0.01306381,-0.1813261,-0.3425498
12.54131,0.3244636,1.264297,0.4293336,0.01699147,-0.1798294,-0.3408787
12.56548,0.3126957,1.263093,0.4295597,0.01559732,-0.1798944,-0.3365363
12.58979,0.2960804,1.260892,0.4303412,0.014851,-0.1776444,-0.3317237
12.61298,0.285218,1.258888,0.4301639,0.0143343,-0.1751635,-0.3281064
12.63701,0.2745657,1.256608,0.4297016,0.01579479,-0.1746667,-0.3252323
12.6615,0.2637186,1.254241,0.4287091,0.01740647,-0.1755515,-0.3210937
12.68668,0.2535744,1.252033,0.4280424,0.01486353,-0.1776337,-0.3145874
12.71077,0.2440634,1.249955,0.4273297,0.01225211,-0.1785731,-0.3099588
12.73503,0.2304051,1.245082,0.4265268,0.01343384,-0.1770065,-0.3015772
12.75902,0.2204912,1.241504,0.4258851,0.01615438,-0.1790791,-0.2984609
12.784,0.2116616,1.237917,0.4261582,0.01511061,-0.1784281,-0.292991
12.81135,0.2038875,1.234424,0.4267355,0.01215627,-0.1757236,-0.2864913
12.8364,0.193187,1.227551,0.4280982,0.01360194,-0.1677068,-0.2796213
12.86124,0.1860878,1.22221,0.4285439,0.01516229,-0.163247,-0.2726234
12.88481,0.1789994,1.216923,0.4293672,0.01536923,-0.1611274,-0.2656259
12.90972,0.1722374,1.211786,0.4302503,0.01283887,-0.1611723,-0.2571415
12.93378,0.1640949,1.202756,0.4321623,0.0118339,-0.1544449,-0.2423285
12.95811,0.1586506,1.196434,0.4335595,0.01403225,-0.1514883,-0.2343326
12.98338,0.1540663,1.189879,0.4346346,0.01644555,-0.1476685,-0.225848
13.00825,0.1495113,1.183694,0.4350346,0.01775483,-0.1447549,-0.2159976
13.03443,0.1436322,1.17618,0.4356103,0.01353,-0.1426733,-0.2010736
13.05981,0.1406777,1.171966,0.4360194,0.009290987,-0.1402026,-0.1924827
13.08565,0.1368272,1.166902,0.4362221,0.00937163,-0.1397006,-0.1859264
13.11172,0.1313746,1.159047,0.4355489,0.01202005,-0.1393645,-0.1767143
13.13756,0.1276255,1.154653,0.4357758,0.01122848,-0.140523,-0.1700156
13.16286,0.1242666,1.150505,0.436594,0.009665935,-0.1403784,-0.1617609
13.18818,0.1217508,1.146234,0.4375825,0.008364267,-0.1384093,-0.1536771
13.2136,0.1187837,1.139543,0.4396061,0.008488934,-0.1331874,-0.14023
13.23981,0.1163371,1.134659,0.4410053,0.01168564,-0.1324826,-0.134905
13.26537,0.1131105,1.130107,0.4424628,0.01394062,-0.135558,-0.1295467
13.28971,0.1087782,1.12523,0.4446971,0.007922355,-0.139227,-0.1159917
13.32004,0.1068263,1.123354,0.4469156,0.002142325,-0.1415462,-0.1084865
13.35118,0.104773,1.119714,0.4509158,0.002786307,-0.1378326,-0.1015922
13.38361,0.1027904,1.116366,0.4556916,0.003794011,-0.135096,-0.0946833
13.41821,0.0993619,1.113356,0.4597088,0.003347488,-0.1386675,-0.08635955
13.45418,0.09523129,1.111409,0.4638231,0.003474182,-0.1478182,-0.0817534
13.48932,0.09264827,1.110484,0.4706426,0.003190218,-0.144078,-0.07662001
13.5255,0.0897162,1.109733,0.4760904,0.004157566,-0.1418342,-0.07220045
13.57511,0.08327389,1.109058,0.4812788,0.00641305,-0.1506257,-0.06672413
13.61055,0.07964301,1.108981,0.4846272,0.007981383,-0.1523759,-0.06421863
13.64553,0.07701349,1.108854,0.4893836,0.008439641,-0.1454439,-0.05920373
13.68274,0.07255268,1.105307,0.4912196,0.01503151,-0.1502627,-0.04330469
13.7214,0.06566429,1.09904,0.4914398,0.03048851,-0.1657874,-0.01284989
13.75135,0.05914235,1.095319,0.4894584,0.04034567,-0.180071,-0.004465171
13.7829,0.05194688,1.094308,0.4860275,0.04381372,-0.1940293,-0.003548448
13.81342,0.04767942,1.095831,0.4834628,0.04308148,-0.1936644,-0.006306442
13.83974,0.04320097,1.09693,0.4814732,0.04006287,-0.1951136,0.00270765
13.86509,0.03848314,1.09861,0.4779944,0.03604797,-0.2027959,0.009962763
13.89155,0.02916479,1.101688,0.4718771,0.03166966,-0.2222291,0.0101311
13.91669,0.02198362,1.103738,0.4667554,0.03223211,-0.2382683,0.01231278
13.94186,0.0152514,1.105206,0.4616711,0.03077746,-0.2525408,0.02463372
13.96774,0.005422115,1.106198,0.453494,0.03647105,-0.2734136,0.03734434
13.99288,-0.0005087852,1.107318,0.4473814,0.0475313,-0.2843051,0.03030099
14.01805,-0.005371094,1.109536,0.4406197,0.05392442,-0.2942,0.0162679
14.04478,-0.01413131,1.114494,0.426675,0.05067021,-0.3309849,0.01236229
14.07003,-0.01989698,1.118653,0.4162983,0.04069576,-0.3552546,0.01760692
14.0972,-0.02413702,1.123437,0.4057369,0.03188209,-0.3761427,0.01795056
14.12419,-0.02804565,1.131488,0.3876021,0.02432448,-0.4072207,0.002247553
14.14994,-0.02902031,1.135479,0.3751135,0.02704457,-0.4289337,-0.009538685
14.17516,-0.02890706,1.139117,0.3620303,0.02710291,-0.4494462,-0.01175303
14.20035,-0.02630568,1.146921,0.3412998,0.02332597,-0.482615,-0.02157643
14.22526,-0.02275753,1.153621,0.3264545,0.02599739,-0.5059618,-0.04190116
14.24951,-0.01595163,1.160413,0.3119137,0.03037847,-0.5262195,-0.05794632
14.27365,-0.007271528,1.166787,0.2982708,0.02981816,-0.5429842,-0.06681363
14.29919,0.00335145,1.174703,0.2847742,0.02226805,-0.5570685,-0.07394308
14.32301,0.02384448,1.187497,0.2675362,0.03118652,-0.5732144,-0.1105336
14.3471,0.0405159,1.196568,0.2563056,0.03204887,-0.5849893,-0.1297589
14.3722,0.0591526,1.206006,0.2455252,0.02859287,-0.5959905,-0.1450075
14.39667,0.07942748,1.216157,0.236039,0.02706275,-0.60452,-0.1666726
14.42124,0.1004598,1.225777,0.2281777,0.02842981,-0.6100873,-0.1925419
14.44703,0.1334097,1.237464,0.2192293,0.03539524,-0.6160251,-0.2246455
14.47237,0.1545551,1.244077,0.2138969,0.0439203,-0.6251704,-0.2429603
14.4974,0.1749301,1.249801,0.2114882,0.05386732,-0.6312013,-0.2615533
14.52361,0.2046528,1.256737,0.2153167,0.05942117,-0.6236849,-0.2871649
14.54868,0.2232487,1.260456,0.2193079,0.06155274,-0.6149838,-0.3020317
14.57362,0.241292,1.263313,0.2257364,0.05167887,-0.6065926,-0.3076057
14.59756,0.2575102,1.266083,0.2316669,0.03408746,-0.6094841,-0.3024329
14.62143,0.2726185,1.267452,0.2386661,0.02565438,-0.6100411,-0.2976201
14.64506,0.2940938,1.267679,0.2579296,0.03337178,-0.5928267,-0.30717
14.66883,0.3071253,1.268557,0.2726297,0.02575047,-0.5823374,-0.310265
14.69237,0.3194437,1.270023,0.2881224,0.01271701,-0.5745765,-0.3116647
14.71654,0.3318603,1.271557,0.3047943,-0.005900556,-0.5659419,-0.3074376
14.74183,0.3426213,1.272196,0.3243707,-0.02821046,-0.5534722,-0.2943624
14.76549,0.3526518,1.271281,0.347042,-0.03893698,-0.5308179,-0.2852137
14.7896,0.3657882,1.26645,0.387653,-0.03392556,-0.4857205,-0.2901044
14.81414,0.3735666,1.260002,0.4163935,-0.01083576,-0.4582362,-0.3136831
14.83894,0.3788443,1.25375,0.4426349,0.00295753,-0.439705,-0.3098015
14.86316,0.3839107,1.247729,0.4675165,0.004968277,-0.4296188,-0.2982732
14.88697,0.3870811,1.241057,0.4921091,0.01317116,-0.4227151,-0.2895091
14.9107,0.3907528,1.225226,0.5311899,0.05992359,-0.3993217,-0.2882568
14.93484,0.3955057,1.217328,0.5561875,0.06606226,-0.3812998,-0.2724317
14.96037,0.3994012,1.211785,0.5784355,0.0601424,-0.3697746,-0.2461236
14.98523,0.4024234,1.206028,0.5999193,0.06478369,-0.3586635,-0.2323973
15.00922,0.4052882,1.201383,0.6180223,0.08177472,-0.3453856,-0.238293
15.03288,0.4066947,1.193595,0.6402035,0.1230431,-0.3428719,-0.2495359
15.05669,0.4058204,1.189251,0.6522465,0.1462169,-0.3484631,-0.2482425
15.08087,0.4049213,1.185562,0.6629052,0.1710741,-0.35153,-0.2526525
15.10504,0.4045832,1.181994,0.6738467,0.1961788,-0.3505154,-0.2614436
15.12912,0.4038432,1.178583,0.6834378,0.2189554,-0.3497875,-0.2704833
15.15299,0.4014626,1.17532,0.6918386,0.2409642,-0.3507054,-0.2810001
15.18487,0.3973615,1.168721,0.7016559,0.2762707,-0.3502865,-0.2957455
15.21419,0.3937318,1.161049,0.7095118,0.303973,-0.3551973,-0.2827569
15.25149,0.3907814,1.155787,0.7174453,0.3237836,-0.3491934,-0.2811432
15.29681,0.3860288,1.155755,0.7268136,0.3276963,-0.3488858,-0.2937767
15.32191,0.382019,1.154044,0.7318752,0.3337434,-0.3441342,-0.2889944
15.34614,0.3795087,1.152906,0.7342708,0.3375308,-0.3437367,-0.2830772
15.37042,0.3771889,1.15124,0.735635,0.3427694,-0.3437084,-0.2779849
15.3959,0.3743091,1.148911,0.7352917,0.3497912,-0.3439165,-0.2701564
15.42018,0.371861,1.147636,0.7348777,0.3540671,-0.3469716,-0.2630031
15.44434,0.3683372,1.146827,0.7316442,0.3609929,-0.3578085,-0.2504417
15.46827,0.3658762,1.147025,0.7287542,0.3666449,-0.3657716,-0.243867
15.49242,0.3633735,1.147878,0.7253509,0.3726787,-0.3731039,-0.2426402
15.51645,0.3611004,1.148516,0.7221214,0.3757098,-0.3806639,-0.2420213
15.54063,0.3598816,1.148758,0.7198215,0.379532,-0.3848414,-0.2404438
15.56493,0.3593388,1.148263,0.7188772,0.3809689,-0.3844326,-0.2358732
15.59013,0.3608556,1.147202,0.7213348,0.3755993,-0.3757052,-0.2266497
15.61528,0.3612494,1.146729,0.7225587,0.3709096,-0.3744234,-0.2208563
15.65132,0.3617315,1.1467,0.7225138,0.3707343,-0.3764648,-0.2191892
15.67618,0.3627417,1.145469,0.7226943,0.3752761,-0.3712537,-0.2200777
15.701,0.3645678,1.144425,0.7228465,0.3790273,-0.3682816,-0.2160199
15.72992,0.365031,1.144192,0.7214074,0.3822758,-0.36962,-0.2153373
15.75399,0.3645849,1.144912,0.7190279,0.3846875,-0.3760661,-0.2146987
15.77839,0.3642199,1.14579,0.7164074,0.3840668,-0.3804979,-0.2112124
15.80319,0.363622,1.147121,0.7155726,0.3822036,-0.3805941,-0.2111974
15.82996,0.3623092,1.148945,0.7141989,0.3798006,-0.3823547,-0.2116117
15.85479,0.3604689,1.15137,0.7114737,0.3798504,-0.3864869,-0.2125529
15.87882,0.3566945,1.155643,0.7078836,0.3783115,-0.3923367,-0.21661
15.90279,0.3541634,1.158435,0.7058849,0.3762611,-0.3945852,-0.2183983
15.92686,0.3516498,1.16118,0.7040009,0.3738046,-0.3952906,-0.2174668
15.95072,0.3495567,1.163798,0.702019,0.3725109,-0.3973258,-0.2169312
15.97442,0.3477502,1.166099,0.6998218,0.3733612,-0.3992772,-0.2155244
15.99867,0.3468661,1.168529,0.698114,0.3711207,-0.4026036,-0.2123502
16.02281,0.3455205,1.170975,0.6961488,0.369786,-0.4046533,-0.211836
16.04749,0.3450935,1.171983,0.6958206,0.3681031,-0.4025109,-0.2107241
16.07218,0.3454154,1.17253,0.6955273,0.366817,-0.3994186,-0.2079327
16.09698,0.345825,1.173321,0.695147,0.3650432,-0.3993672,-0.2051717
16.12255,0.346494,1.173558,0.6940004,0.3669031,-0.399842,-0.2056658
16.14773,0.3476145,1.173311,0.6933048,0.3658582,-0.3992926,-0.2023453
16.17234,0.3492751,1.172635,0.6929121,0.3642059,-0.3979745,-0.193546
16.19754,0.3509152,1.172263,0.6932585,0.3616275,-0.3960354,-0.1895376
16.22172,0.3524683,1.172291,0.692354,0.3613501,-0.3991139,-0.1903991
16.24606,0.3536267,1.171631,0.6915131,0.3616831,-0.4028929,-0.1875473
16.2722,0.3544106,1.171067,0.6909516,0.3599146,-0.4089115,-0.1827526
16.29703,0.3554001,1.169798,0.692524,0.3614171,-0.4047897,-0.1859355
16.32129,0.3569598,1.16939,0.6961707,0.3546212,-0.399389,-0.1896391
16.3453,0.3605697,1.167699,0.69988,0.3501112,-0.3941582,-0.1884083
16.36943,0.3622167,1.16611,0.7004222,0.356203,-0.395357,-0.1938501
16.39361,0.3641484,1.165008,0.7008913,0.3595504,-0.3959103,-0.1992994
16.41764,0.3655183,1.164036,0.7007622,0.3637024,-0.3994114,-0.2051847
16.4415,0.3672664,1.162852,0.7012019,0.3650903,-0.4016534,-0.2073507
16.46564,0.3696635,1.161188,0.7018194,0.3640468,-0.4080581,-0.2027124
16.49091,0.3715615,1.160221,0.702152,0.3624653,-0.4133324,-0.2018472
16.51543,0.3728344,1.159453,0.7027986,0.3648127,-0.4146314,-0.2101691
16.54037,0.374438,1.157813,0.7042459,0.3684393,-0.4100245,-0.2185582
16.56514,0.3761568,1.156017,0.7059046,0.3671115,-0.4086144,-0.2193353
16.58978,0.3776972,1.153686,0.7059357,0.3689587,-0.4119069,-0.2192199
16.61369,0.3784959,1.151968,0.7054666,0.3728381,-0.4128096,-0.2211416
16.63857,0.379046,1.150778,0.7051053,0.3753622,-0.4129044,-0.2240887
16.68081,0.3802063,1.149336,0.7056241,0.3705782,-0.4105582,-0.2229662
16.75393,0.3797252,1.150286,0.7047755,0.3696548,-0.4140003,-0.2327828
16.77831,0.3797047,1.150973,0.7031224,0.3708933,-0.4172337,-0.2323174
16.80299,0.3792663,1.151591,0.7012624,0.3721235,-0.4203953,-0.2295393
16.82957,0.3789563,1.152796,0.6994013,0.3711915,-0.4243801,-0.2260954
16.8539,0.3782694,1.154795,0.6977259,0.3693368,-0.4270271,-0.2230115
16.87812,0.3767273,1.158725,0.6943899,0.3666468,-0.4335057,-0.2230356
16.90437,0.3756468,1.161214,0.6921254,0.3661212,-0.4378982,-0.2241561
16.9291,0.3746395,1.163789,0.6902429,0.3648961,-0.4409217,-0.2245345
16.95393,0.3741653,1.165708,0.6889653,0.3641608,-0.4414833,-0.2257205
16.97877,0.3734496,1.166971,0.6879125,0.364518,-0.4390611,-0.2245428
17.00426,0.3725948,1.167208,0.6867664,0.3622658,-0.442456,-0.2175621
17.03206,0.3715878,1.167694,0.6854976,0.3613923,-0.4453102,-0.2141175
17.05676,0.3702033,1.168656,0.6846741,0.3592893,-0.4457561,-0.2144686
17.08151,0.3684399,1.169755,0.6838839,0.3580071,-0.4466953,-0.2143876
17.10705,0.3657494,1.170763,0.682767,0.3586033,-0.4487732,-0.2159559
17.13217,0.3622363,1.171951,0.6820081,0.3570316,-0.4496626,-0.2168286
17.15676,0.3564811,1.173277,0.6812043,0.3522442,-0.4499941,-0.2148671
17.18189,0.3516269,1.173859,0.6795533,0.3499344,-0.4534468,-0.2107403
17.20651,0.3463054,1.17447,0.6776119,0.3489718,-0.4574231,-0.2071578
17.23063,0.3406167,1.17456,0.6758819,0.3485745,-0.4603533,-0.2017582
17.25529,0.3321331,1.175058,0.6749003,0.3448156,-0.4607426,-0.1969339
17.27987,0.3261797,1.175195,0.6739044,0.3438376,-0.46129,-0.1952973
17.30493,0.3199956,1.175522,0.6724949,0.3443754,-0.4624114,-0.1951471
17.33008,0.3138733,1.175522,0.6709191,0.3429718,-0.4653639,-0.1925371
17.35499,0.3043611,1.174752,0.6676383,0.3424836,-0.4693268,-0.1850677
17.37968,0.2985301,1.174027,0.6661185,0.3411624,-0.4702902,-0.1795653
17.40534,0.2925079,1.172841,0.6646899,0.3401541,-0.4702023,-0.1746899
17.43118,0.2860258,1.171761,0.6625245,0.3409283,-0.4717641,-0.1709955
17.45728,0.2760913,1.170599,0.660133,0.3401661,-0.4743747,-0.1663748
17.48382,0.269568,1.169752,0.6584184,0.3383717,-0.4760168,-0.1637825
17.51042,0.2605555,1.168783,0.6556363,0.3381218,-0.4768899,-0.1621647
17.53761,0.2544782,1.16883,0.6536222,0.3376853,-0.4795738,-0.1606647
17.56572,0.2455876,1.168702,0.6497024,0.3407697,-0.4818714,-0.1615835
17.59687,0.2400365,1.168744,0.64665,0.3399267,-0.4842806,-0.1591399
17.63112,0.2309442,1.1686,0.6422668,0.3357549,-0.4903203,-0.1515483
17.66602,0.2187982,1.168378,0.6371111,0.3344753,-0.4929976,-0.1492885
17.70126,0.2105751,1.167035,0.6340768,0.3332112,-0.494013,-0.1433026
17.737,0.2023945,1.165277,0.6322885,0.3303463,-0.493452,-0.1374143
17.77393,0.1947234,1.163851,0.63269,0.3252293,-0.4898274,-0.1322188
17.81021,0.1863005,1.159652,0.6324534,0.329203,-0.484849,-0.1278297
17.84762,0.1805019,1.156239,0.632755,0.3257129,-0.4835227,-0.1196326
17.88384,0.1752825,1.153134,0.6331743,0.3253415,-0.4816006,-0.1128665
17.92035,0.1696832,1.150491,0.6352501,0.3233681,-0.4754959,-0.1086655
17.95704,0.1644003,1.147588,0.6387495,0.3200821,-0.4686517,-0.1031606
17.99511,0.1600811,1.146157,0.6390321,0.3206496,-0.4709903,-0.09764938
18.03281,0.1555943,1.144689,0.6422744,0.3183692,-0.4621158,-0.09520353
18.07279,0.1520329,1.143943,0.6447587,0.3129468,-0.4580248,-0.09130338
18.1141,0.1490898,1.14127,0.6469295,0.3174451,-0.45657,-0.08708388
18.15559,0.1455534,1.139159,0.651963,0.3051716,-0.4497805,-0.07720588
18.19995,0.1430674,1.137896,0.65412,0.2996821,-0.4493215,-0.07108393
18.24347,0.1405754,1.136731,0.6531477,0.312722,-0.447265,-0.08057528
18.28504,0.1383433,1.135881,0.6511216,0.3114808,-0.4534438,-0.07076537
18.32704,0.1366026,1.138716,0.6543964,0.2940458,-0.4484915,-0.06166364
18.36814,0.1348858,1.145306,0.6586798,0.282714,-0.4434736,-0.07289008
18.39474,0.134644,1.149364,0.6598082,0.2749125,-0.4459981,-0.07295375
18.42111,0.1338289,1.156003,0.6602781,0.2652269,-0.4511637,-0.07850602
18.44773,0.133451,1.161285,0.6609784,0.2574166,-0.4539265,-0.08508778
18.47947,0.1342814,1.169931,0.6634212,0.2493649,-0.4526245,-0.09922285
18.5097,0.1352732,1.174558,0.6646597,0.2456532,-0.4513796,-0.1018962
18.54579,0.1370194,1.184839,0.6650903,0.2239488,-0.4619463,-0.09082134
18.58697,0.1390188,1.19694,0.6662617,0.2075996,-0.4663675,-0.1013801
18.61458,0.1406322,1.201873,0.6667626,0.2041165,-0.4662257,-0.1117842
18.64018,0.1418934,1.205428,0.6659498,0.2001009,-0.4698979,-0.1162446
18.66648,0.1423666,1.207675,0.663952,0.2009798,-0.4811125,-0.1112647
18.69152,0.143393,1.209133,0.6635901,0.1949859,-0.4860068,-0.1045612
18.71688,0.1445408,1.210016,0.6643498,0.1922844,-0.4858916,-0.1012382
18.74183,0.1452119,1.211529,0.6651348,0.1896394,-0.4867106,-0.1010065
18.76567,0.1451178,1.214327,0.6660035,0.1836323,-0.4904808,-0.1031943
18.79081,0.144449,1.216784,0.6655731,0.1792412,-0.4978556,-0.1042644
18.81511,0.1443522,1.21965,0.6658809,0.177589,-0.499769,-0.1113765
18.83866,0.1449089,1.223216,0.6673996,0.1761162,-0.4955617,-0.1190491
18.86328,0.1447978,1.228716,0.6679562,0.1662411,-0.4953901,-0.1261378
18.88877,0.1442003,1.238124,0.666104,0.1509145,-0.5037866,-0.1346862
18.91326,0.1442597,1.245265,0.6634408,0.1451247,-0.5111454,-0.1437608
18.93773,0.1440568,1.253995,0.660064,0.141048,-0.5179772,-0.1560845
18.96197,0.1442297,1.263627,0.6573403,0.1359727,-0.5221404,-0.1717013
18.98693,0.1457939,1.278163,0.6529151,0.1195069,-0.5317419,-0.1843896
19.01248,0.1479599,1.288338,0.648912,0.1058598,-0.5398682,-0.1814655
19.03668,0.151181,1.298624,0.6450185,0.09610524,-0.5460719,-0.181213
19.06089,0.1556485,1.309959,0.6413012,0.08669192,-0.550202,-0.1893167
19.08648,0.1608295,1.321319,0.6372662,0.07355823,-0.5548322,-0.1991824
19.11268,0.1717086,1.337214,0.6301823,0.05243442,-0.5629854,-0.2096514
19.13808,0.1807594,1.344766,0.6256189,0.04266091,-0.5663045,-0.2085739
19.1624,0.1897891,1.349331,0.6224099,0.03772605,-0.564421,-0.2049134
19.18628,0.1995392,1.35112,0.6203244,0.02978878,-0.5595764,-0.1907237
19.21099,0.2162066,1.351411,0.617821,0.01657237,-0.5548822,-0.1695549
19.23491,0.2269406,1.35047,0.6157209,0.01154872,-0.5595404,-0.1659188
19.26007,0.2377186,1.347158,0.6141999,0.0149744,-0.5632289,-0.1623428
19.28346,0.2491002,1.339925,0.6157389,0.02973133,-0.5591133,-0.1593622
19.30764,0.2603638,1.330052,0.6196722,0.05113851,-0.54893,-0.155551
19.33245,0.276561,1.311528,0.6276597,0.07189745,-0.5335512,-0.1365631
19.3562,0.2864423,1.298371,0.6331692,0.07553159,-0.5337594,-0.1144555
19.37979,0.295579,1.283091,0.6377767,0.08774415,-0.5332479,-0.09341343
19.40355,0.3048325,1.267533,0.6452799,0.1081555,-0.5219736,-0.08573969
19.42695,0.3147268,1.252342,0.6540728,0.1297189,-0.506101,-0.08612408
19.45022,0.3246641,1.237705,0.6628225,0.1443685,-0.4914484,-0.07846377
19.47376,0.3340495,1.223983,0.6708111,0.1573452,-0.4792021,-0.0670705
19.49694,0.3421814,1.210912,0.6771271,0.1743073,-0.4703828,-0.05855674
19.52111,0.3525598,1.194347,0.6859779,0.1986696,-0.4574991,-0.05687455
19.54658,0.3598614,1.185981,0.6923296,0.2151143,-0.4442306,-0.07232386
19.57094,0.3664954,1.178288,0.6980481,0.2286489,-0.4326229,-0.08235341
19.59492,0.3717394,1.17171,0.7021936,0.2411436,-0.4251753,-0.08729606
19.61876,0.3753893,1.165866,0.7046545,0.2531486,-0.4215411,-0.09174532
19.64233,0.3782558,1.158337,0.7062318,0.2800736,-0.4178685,-0.1134631
19.66616,0.3794315,1.153647,0.7068697,0.2972944,-0.414981,-0.1311992
19.69045,0.3802061,1.149,0.7075973,0.3092971,-0.4131652,-0.1402932
19.71554,0.3799744,1.146092,0.7093005,0.3102831,-0.4110869,-0.1415575
19.73918,0.3793426,1.143757,0.711254,0.3116752,-0.4068877,-0.1505333
19.7642,0.3766935,1.141648,0.7123913,0.3130133,-0.406535,-0.1622527
19.78764,0.3742323,1.139216,0.7122493,0.3236731,-0.4051731,-0.1736589
19.81085,0.3726628,1.136186,0.7125088,0.3329409,-0.4014602,-0.1801038
19.83413,0.3708668,1.133584,0.7131215,0.3358277,-0.3990882,-0.1818971
19.85754,0.3689415,1.131781,0.7136221,0.3352783,-0.3986408,-0.1809137
19.88103,0.3667386,1.130424,0.7135205,0.3353475,-0.3992943,-0.1810187
19.90432,0.3647573,1.130333,0.7138832,0.3382586,-0.3949339,-0.1910541
19.92775,0.3633621,1.1309,0.7141013,0.3407897,-0.3903458,-0.201984
19.96978,0.3610642,1.135933,0.7151235,0.3321583,-0.3862494,-0.2152477
20.0004,0.3597376,1.138836,0.7128868,0.3296953,-0.3926847,-0.2176762
20.03527,0.3572242,1.142534,0.7062649,0.3337977,-0.4100463,-0.2150154
20.07529,0.3555095,1.146179,0.7015088,0.3297398,-0.4211682,-0.2036962
20.11051,0.35428,1.149488,0.6995384,0.3246729,-0.4242886,-0.2033828
20.13425,0.3534973,1.15163,0.6985011,0.324219,-0.4246985,-0.2072134
20.1584,0.3525355,1.153147,0.697405,0.3226148,-0.4273802,-0.207005
20.18217,0.3517358,1.15424,0.6965806,0.3223426,-0.4287103,-0.2044562
20.207,0.3509946,1.155006,0.6965322,0.3209003,-0.4290196,-0.2018538
20.23071,0.3497777,1.155498,0.6961199,0.318118,-0.4298802,-0.1955543
20.25425,0.348721,1.156246,0.6956199,0.3175309,-0.4308651,-0.1949792
20.27786,0.3475456,1.156914,0.6953963,0.3157778,-0.4313095,-0.1943146
20.30145,0.3458855,1.157539,0.6949942,0.3139443,-0.4306728,-0.1924755
20.32528,0.3443296,1.158407,0.6941998,0.3115012,-0.4318879,-0.1897679
20.34902,0.3425601,1.158899,0.6927167,0.3119055,-0.4342168,-0.188463
20.37325,0.340744,1.159441,0.6909119,0.3127876,-0.4367907,-0.1874243
20.39743,0.3377655,1.160212,0.6884289,0.3115325,-0.4406143,-0.1850272
20.4229,0.3363767,1.160532,0.6876049,0.3089412,-0.4402183,-0.1786661
20.44741,0.3355546,1.161114,0.6867102,0.3040579,-0.442867,-0.1699531
20.47157,0.3343449,1.162642,0.6857643,0.2985881,-0.4501036,-0.1647562
20.49731,0.3350139,1.163473,0.6890789,0.3014738,-0.4407789,-0.1743689
20.52132,0.3371506,1.161546,0.6914403,0.3090524,-0.4306365,-0.1731938
20.54526,0.3397841,1.15983,0.6944505,0.3120999,-0.4246648,-0.1676757
20.56893,0.3427541,1.158216,0.6965756,0.3139762,-0.4197919,-0.1655833
20.59281,0.3443503,1.155309,0.6985428,0.3240948,-0.4163543,-0.1705419
20.61638,0.3469474,1.152369,0.7004546,0.3338954,-0.4118707,-0.1752813
20.64146,0.3503351,1.147771,0.70245,0.3418704,-0.4075174,-0.1717919
20.66589,0.3524089,1.144978,0.7030348,0.3461391,-0.4075382,-0.1707059
20.69056,0.3535423,1.142809,0.7020801,0.3538788,-0.4086086,-0.1776118
20.71469,0.353977,1.141935,0.6993855,0.3641253,-0.4124084,-0.1927342
20.7385,0.354496,1.141126,0.6963047,0.3740821,-0.4160212,-0.2043459
20.76216,0.3547249,1.140404,0.6937544,0.3811628,-0.4199166,-0.211949
20.78582,0.3548901,1.139736,0.6920139,0.3819759,-0.4214998,-0.222023
20.80916,0.3551939,1.140438,0.6923167,0.3800219,-0.4174144,-0.2361891
20.85262,0.3568158,1.141589,0.6934187,0.3835492,-0.4099322,-0.2681796
20.87863,0.3581665,1.142275,0.6934421,0.3842885,-0.4095238,-0.2839212
20.90256,0.3594713,1.142326,0.6927619,0.3881958,-0.4083695,-0.3011556
20.92624,0.3608363,1.141772,0.6918595,0.390808,-0.4091481,-0.3121458
20.95019,0.3624806,1.140764,0.6915649,0.3912124,-0.4066695,-0.3190367
20.97428,0.3639798,1.139659,0.6913586,0.3888476,-0.4047134,-0.3214982
20.99776,0.3657708,1.139287,0.6903423,0.388313,-0.4035432,-0.330089
21.02185,0.3668642,1.139363,0.688967,0.3886285,-0.4054287,-0.3357253
21.04521,0.3675647,1.139493,0.6871039,0.3887826,-0.4084744,-0.3378399
21.06874,0.3677692,1.139526,0.6857684,0.386038,-0.4114964,-0.3347062
21.0934,0.3677223,1.139601,0.6849245,0.3844883,-0.4115554,-0.334368
21.11669,0.3673618,1.140171,0.6838591,0.3816847,-0.4129869,-0.3320834
21.14035,0.3664439,1.141576,0.6823714,0.3800493,-0.4166859,-0.3311499
21.1636,0.3639224,1.144691,0.6804371,0.3761635,-0.4220901,-0.3302233
21.18834,0.3617177,1.146663,0.6792781,0.3733089,-0.4242402,-0.3283844
21.21189,0.3584018,1.149157,0.6771885,0.3699488,-0.4294314,-0.324713
21.23562,0.3545227,1.151348,0.6753027,0.3661578,-0.4335004,-0.318802
21.26058,0.3499005,1.153263,0.6734598,0.362568,-0.4359998,-0.313708
21.28538,0.3445942,1.155505,0.6714243,0.3578368,-0.4396449,-0.3058953
21.31067,0.3355079,1.1593,0.667254,0.3548059,-0.4467341,-0.3032066
21.33544,0.3290105,1.161768,0.6639839,0.3542265,-0.4503697,-0.3027572
21.36046,0.3221471,1.163541,0.6605439,0.352321,-0.4542373,-0.2994178
21.38487,0.3150015,1.164894,0.6566235,0.3503632,-0.4594817,-0.2923703
21.41019,0.304096,1.16632,0.6512339,0.3497098,-0.4646111,-0.2844218
21.44091,0.2970531,1.166734,0.6472431,0.348874,-0.4692968,-0.2787294
21.47338,0.286649,1.166932,0.6416994,0.3469574,-0.4750177,-0.2693251
21.50873,0.2767119,1.16658,0.6366736,0.3449334,-0.4770472,-0.2616998
21.54681,0.2636619,1.165991,0.6279404,0.3448609,-0.4857264,-0.2508797
21.57178,0.257735,1.165713,0.6238458,0.3419425,-0.4899938,-0.2432497
21.59656,0.2488761,1.16594,0.6188333,0.3383641,-0.4920123,-0.2349572
21.62216,0.2425909,1.166203,0.6152812,0.3367102,-0.4955685,-0.2307812
21.6471,0.2362888,1.167039,0.6117809,0.3349199,-0.4990942,-0.2277001
21.67291,0.229733,1.16794,0.6085442,0.3318338,-0.5022351,-0.2257663
21.69882,0.2202408,1.170468,0.6038227,0.3307323,-0.5051675,-0.2265567
21.72484,0.2139452,1.171832,0.6005156,0.3325967,-0.5069655,-0.2257887
21.7523,0.2042751,1.173914,0.5974681,0.3287628,-0.506523,-0.2218468
21.77937,0.1984692,1.175192,0.5951178,0.3249228,-0.5087464,-0.216048
21.80519,0.1926203,1.176371,0.5919758,0.3261553,-0.5110951,-0.2141604
21.83039,0.1839776,1.178441,0.5879891,0.3274015,-0.5120834,-0.2125269
21.85619,0.1791568,1.179326,0.586269,0.326308,-0.5137699,-0.2080314
21.88225,0.1731558,1.180906,0.5849746,0.3225986,-0.515578,-0.2045139
21.90777,0.1654248,1.183409,0.5839126,0.3169969,-0.5157928,-0.2012269
21.9334,0.1607659,1.18521,0.5828156,0.3146984,-0.5173593,-0.2004721
21.95998,0.1564753,1.186586,0.5812867,0.3160919,-0.5187385,-0.1985235
21.98631,0.1495245,1.189056,0.5792553,0.3103873,-0.5263048,-0.1890536
22.0126,0.1445816,1.19103,0.5794568,0.3044836,-0.5269476,-0.1835794
22.03973,0.1400907,1.194157,0.5812192,0.2941696,-0.5230877,-0.1824218
22.07619,0.1327798,1.199649,0.581461,0.2877271,-0.5250797,-0.1743505
22.10415,0.1289623,1.202139,0.5810976,0.2888348,-0.5263467,-0.1684652
22.13267,0.1250234,1.20903,0.5814673,0.2766968,-0.5317814,-0.1606517
22.15944,0.1226647,1.215224,0.581393,0.2688701,-0.5378846,-0.1560981
22.18816,0.1196744,1.226194,0.5821702,0.2644648,-0.541674,-0.1623698
22.21426,0.1184568,1.234464,0.5835476,0.2599286,-0.5425734,-0.1682264
22.24159,0.1173124,1.248422,0.586141,0.2415501,-0.5491472,-0.1712825
22.26687,0.1170106,1.257003,0.5881394,0.2327724,-0.5511498,-0.1697788
22.29211,0.1169581,1.265651,0.5899971,0.2310145,-0.5535583,-0.1722928
22.31642,0.1169987,1.275701,0.5912892,0.2229678,-0.5596095,-0.174031
22.34063,0.1184964,1.287036,0.5940654,0.2114652,-0.5629563,-0.1774285
22.36524,0.1215732,1.305005,0.5987279,0.1922206,-0.5629808,-0.1838269
22.39044,0.1248991,1.317085,0.601439,0.1821491,-0.5619769,-0.192606
22.41422,0.1289554,1.329542,0.6029743,0.1736802,-0.5642236,-0.2033095
22.43843,0.1335201,1.341719,0.6034178,0.1635993,-0.5687329,-0.2126411
22.4626,0.1393743,1.353772,0.6034453,0.1517,-0.5732852,-0.2214642
22.48669,0.1500328,1.369122,0.6030085,0.1298385,-0.5790219,-0.2262456
22.51034,0.1576643,1.377657,0.6022453,0.1129705,-0.5822664,-0.2221484
22.5354,0.1661279,1.384222,0.6005492,0.09852371,-0.5831006,-0.2164772
22.56069,0.1753061,1.390027,0.5979397,0.09214791,-0.5848324,-0.2206742
22.58537,0.1904016,1.397289,0.5917611,0.0803675,-0.5928448,-0.2271272
22.61157,0.2012322,1.400469,0.5870681,0.06906678,-0.59821,-0.2246205
22.63625,0.2141593,1.401677,0.5816,0.05164772,-0.6027887,-0.2152216
22.66088,0.2277095,1.402368,0.5763532,0.03839902,-0.6046451,-0.2117662
22.68482,0.242332,1.401926,0.571468,0.02994694,-0.6042212,-0.2142871
22.70922,0.2653599,1.398346,0.5624981,0.02012588,-0.6077625,-0.2174301
22.73335,0.2823489,1.39555,0.5566506,0.01364433,-0.6104104,-0.2201707
22.75735,0.3000679,1.391978,0.5516067,0.009269712,-0.6095077,-0.22917
22.78125,0.3188221,1.385907,0.5481966,0.007011874,-0.5994151,-0.2456119
22.80525,0.3372834,1.379303,0.5434301,-0.004073382,-0.5914894,-0.2521906
22.83015,0.3658569,1.367395,0.5336034,-0.031298,-0.5882717,-0.2393436
22.85387,0.3850102,1.359507,0.5263029,-0.05539115,-0.587588,-0.2261591
22.87786,0.4051547,1.352485,0.5192057,-0.08894098,-0.5819052,-0.2247673
22.90243,0.4249709,1.345163,0.5131364,-0.1196454,-0.5653513,-0.2286201
22.92643,0.4443917,1.335694,0.5092142,-0.1342148,-0.5386844,-0.2374184
22.95032,0.4640982,1.324227,0.5066001,-0.1335538,-0.5111248,-0.2509135
22.97466,0.4950795,1.305678,0.5032299,-0.1247041,-0.4731911,-0.2888075
22.99903,0.5174303,1.294084,0.500953,-0.1346943,-0.4405054,-0.3161734
23.0239,0.538873,1.281618,0.4971334,-0.1589972,-0.407132,-0.3185164
23.04935,0.5590684,1.267496,0.4925342,-0.1882029,-0.3742462,-0.2980832
23.07345,0.576988,1.250627,0.4881094,-0.2061747,-0.3414142,-0.2632467
23.09747,0.6043963,1.222313,0.4829495,-0.2016222,-0.287963,-0.229022
23.12248,0.6235988,1.203246,0.478569,-0.1942266,-0.2553445,-0.2231407
23.14715,0.6421216,1.183711,0.4732548,-0.1831632,-0.2314599,-0.2244588
23.17164,0.6599286,1.163349,0.4670957,-0.1669408,-0.2065141,-0.2210658
23.2077,0.6919403,1.117654,0.4520597,-0.1065253,-0.1678661,-0.1891198
23.23159,0.707309,1.096862,0.4427996,-0.08270532,-0.1577205,-0.1692946
23.25663,0.7226675,1.078673,0.4314258,-0.07192936,-0.1558221,-0.1563071
23.28086,0.7358465,1.061962,0.4185811,-0.06694263,-0.1661715,-0.1294937
23.30489,0.7491717,1.045664,0.4049394,-0.06393596,-0.1782258,-0.089704
23.32874,0.7631483,1.030695,0.3903999,-0.06647332,-0.188605,-0.04278839
23.35257,0.7851379,1.008971,0.3674688,-0.05953253,-0.1980362,0.02288875
23.37631,0.8010345,0.9965464,0.3523368,-0.04628912,-0.2035168,0.03892053
23.40047,0.8178718,0.9846607,0.3376124,-0.03277401,-0.2072452,0.03920187
23.42548,0.8359601,0.9727933,0.3234113,-0.01839013,-0.2056234,0.051633
23.45023,0.8543191,0.9617,0.3095418,-0.006830486,-0.1988415,0.081333
23.47578,0.8841586,0.9502023,0.290172,0.002737752,-0.1796006,0.1103738
23.50026,0.9046304,0.9435824,0.2773111,0.01444613,-0.1657429,0.1125264
23.5244,0.9247472,0.9363153,0.2647595,0.02963167,-0.1525774,0.1115733
23.54825,0.9455311,0.9276962,0.2530327,0.05235194,-0.1353897,0.1079487
23.57209,0.9653778,0.918542,0.241363,0.07514962,-0.1213758,0.1237024
23.59613,0.9951477,0.9090784,0.2254869,0.08177991,-0.09603257,0.1387566
23.61984,1.013394,0.9034401,0.215184,0.07859271,-0.08439191,0.1529931
23.64371,1.030027,0.8971221,0.2048939,0.07405806,-0.07887698,0.1725491
23.66808,1.045923,0.8894506,0.1947564,0.07371975,-0.07409579,0.1886606
23.69335,1.060423,0.8796237,0.1844583,0.08189535,-0.07308832,0.1984271
23.71792,1.07543,0.8704118,0.1738414,0.09312253,-0.06825041,0.2064855
23.74261,1.095967,0.8578049,0.160063,0.1153704,-0.05688202,0.2257932
23.76743,1.108478,0.8520288,0.1522002,0.1242888,-0.04647818,0.2299792
23.79174,1.120188,0.8505968,0.1464686,0.1223089,-0.02669965,0.2168301
23.81564,1.131528,0.8504692,0.1417553,0.1179947,-0.004218055,0.2068922
23.8401,1.14705,0.852806,0.137676,0.1093816,0.03049584,0.1832432
23.86457,1.156726,0.854838,0.1361303,0.1041517,0.04464971,0.1761092
23.88905,1.163722,0.8578779,0.1357135,0.09494544,0.04994869,0.1856927
23.91426,1.170679,0.8620497,0.1365389,0.08572787,0.05600713,0.1798626
23.94009,1.182635,0.8706222,0.1410513,0.07969864,0.0783814,0.161634
23.9638,1.192032,0.8796628,0.1454645,0.07205758,0.09947742,0.1524053
23.98786,1.202836,0.8925569,0.1517814,0.05585687,0.1202701,0.1407519
24.01257,1.213593,0.9082755,0.1585582,0.03549581,0.1434062,0.139637
24.03621,1.225429,0.9288375,0.1663911,0.003250373,0.1682688,0.1332416
24.05974,1.238502,0.952493,0.1735151,-0.0327981,0.1946029,0.1202046
24.0832,1.252119,0.9779323,0.1798881,-0.06453515,0.2205807,0.1123475
24.10677,1.274189,1.017518,0.1884899,-0.1052559,0.2687603,0.09865049
24.13144,1.289927,1.045241,0.1926652,-0.1354526,0.3012841,0.07442766
24.15537,1.305893,1.071042,0.1971692,-0.1594369,0.3303759,0.04327664
24.17902,1.32179,1.09604,0.2012138,-0.1840011,0.3507283,0.01561689
24.20243,1.336738,1.120539,0.2057292,-0.2051969,0.3629816,-0.01128012
24.22584,1.351696,1.146941,0.2094691,-0.2297052,0.3721366,-0.03485893
24.24987,1.366346,1.174532,0.211648,-0.2564929,0.385098,-0.05077523
24.27393,1.386846,1.217783,0.209752,-0.3084335,0.3996435,-0.08034202
24.30453,1.398932,1.247341,0.2067214,-0.34559,0.406448,-0.09610555
24.33271,1.412647,1.293537,0.1995817,-0.4046201,0.407036,-0.1056371
24.36848,1.422654,1.338885,0.1901101,-0.4532878,0.4087101,-0.1087287
24.41054,1.429365,1.396436,0.1722476,-0.5222924,0.3942628,-0.1151168
24.43439,1.43019,1.423741,0.1624582,-0.5556021,0.3802648,-0.1117872
24.45805,1.430756,1.448948,0.1517673,-0.5868144,0.3684219,-0.102242
24.48155,1.42988,1.470784,0.1386526,-0.6138778,0.3629562,-0.09734763
24.50509,1.429882,1.489475,0.1251055,-0.6419263,0.3522121,-0.1092349
24.52893,1.430576,1.513445,0.1073383,-0.6734211,0.3366171,-0.1254676
