Timestamp,X,Y,Z,Qx,Qy,Qz,Qw
3.424074,3.980012,1.098562,0.269635,-0.1546478,0.1310209,-0.1066879,0.9734142
3.445941,3.981305,1.09603,0.2703956,-0.1515297,0.1307287,-0.1090415,0.9736831
3.466081,3.981861,1.093899,0.2713017,-0.1489221,0.1305149,-0.1098606,0.9740219
3.48643,3.982886,1.092639,0.2719985,-0.1473102,0.1308186,-0.1102208,0.9741856
3.506438,3.983515,1.092157,0.2718734,-0.1469885,0.1309436,-0.1105605,0.9741789
3.526511,3.984241,1.09226,0.2720588,-0.1476809,0.1307247,-0.1111016,0.974042
3.54837,3.985075,1.092717,0.271705,-0.148938,0.1305557,-0.1114299,0.9738358
3.568302,3.985873,1.093964,0.2720811,-0.1505497,0.1306118,-0.1108953,0.9736415
3.58816,3.986863,1.094625,0.2721965,-0.1515264,0.1309657,-0.1107739,0.9734561
3.609511,3.988149,1.095284,0.272485,-0.151773,0.1317021,-0.1106603,0.9733313
3.630721,3.989511,1.095469,0.2733328,-0.1511699,0.1328088,-0.1088755,0.9734761
3.650399,3.98983,1.095788,0.2737708,-0.1508303,0.1332001,-0.1078121,0.9735936
3.670185,3.99084,1.096156,0.2739578,-0.1507689,0.1345841,-0.1056939,0.973645
3.690392,3.992135,1.097323,0.2743765,-0.1515559,0.1359446,-0.1039581,0.9735208
3.710299,3.99311,1.098564,0.2742772,-0.152649,0.137191,-0.1017706,0.9734063
3.730085,3.994542,1.099181,0.2743656,-0.1531988,0.1389793,-0.09937978,0.9733132
3.751115,3.995505,1.099382,0.2746242,-0.153212,0.1402751,-0.09811735,0.9732533
3.771146,3.997692,1.099415,0.2746306,-0.1530186,0.1435619,-0.09501503,0.9731123
3.791144,3.999792,1.10043,0.2747328,-0.1534083,0.1473069,-0.09193986,0.9727865
3.811033,4.00208,1.101564,0.2747267,-0.1546568,0.1519663,-0.08915646,0.972131
3.831176,4.004736,1.103219,0.2745534,-0.1571401,0.1570603,-0.08693232,0.9711241
3.85159,4.005759,1.104061,0.2743786,-0.1582147,0.1595317,-0.08573414,0.9706531
3.871657,4.008447,1.106245,0.2734946,-0.1614345,0.1652607,-0.08387217,0.9693262
3.891768,4.011796,1.10882,0.2724665,-0.1653025,0.1712879,-0.08294469,0.9677064
3.911778,4.014492,1.111101,0.2714547,-0.1689274,0.1775512,-0.08058944,0.9661493
3.931577,4.017242,1.112955,0.2699482,-0.1710043,0.1842385,-0.07760169,0.9647754
3.952266,4.020854,1.113714,0.2690505,-0.1712506,0.1922569,-0.07317381,0.9635124
3.978947,4.02431,1.114715,0.2689652,-0.1709942,0.2005927,-0.06828894,0.9622163
4.002678,4.028415,1.115204,0.267536,-0.1708346,0.2107994,-0.06372573,0.960374
4.03359,4.035821,1.117644,0.2630318,-0.1745013,0.2284216,-0.05731666,0.9560793
4.069151,4.044424,1.12139,0.2562824,-0.181028,0.2484909,-0.04978225,0.9502647
4.089091,4.050689,1.123496,0.2510854,-0.184528,0.2634557,-0.04453944,0.9458101
4.109176,4.056397,1.124868,0.2455399,-0.1872152,0.2789542,-0.03893048,0.9410736
4.129035,4.05935,1.1257,0.2424722,-0.1883848,0.2874217,-0.03574952,0.9384146
4.149286,4.064523,1.128292,0.2361168,-0.1902747,0.3045327,-0.02849708,0.9328684
4.170597,4.069873,1.130379,0.2280325,-0.1917805,0.3227942,-0.0207117,0.9266042
4.1908,4.074456,1.133019,0.2189625,-0.19393,0.3422542,-0.01157932,0.9193036
4.211074,4.078014,1.137252,0.209141,-0.198005,0.3613308,-0.002354407,0.9111688
4.231593,4.080076,1.141893,0.1981415,-0.2037554,0.3796686,0.006099852,0.9023848
4.252347,4.081137,1.146233,0.1864944,-0.209259,0.3979076,0.01338717,0.8931411
4.272646,4.081373,1.148345,0.1805586,-0.2113854,0.4069695,0.01718419,0.8884801
4.292832,4.080935,1.151452,0.1687796,-0.2134635,0.425005,0.02621728,0.8792706
4.313157,4.078903,1.154842,0.1572767,-0.214909,0.4427216,0.03531463,0.8698073
4.333504,4.075346,1.157546,0.1462859,-0.2158658,0.458942,0.04460814,0.8606883
4.357254,4.070299,1.159743,0.1356876,-0.2167996,0.4735711,0.05295988,0.8520115
4.37894,4.064429,1.160726,0.124905,-0.2172406,0.4873503,0.05830094,0.84374
4.398992,4.058303,1.16064,0.1144859,-0.2154322,0.5013925,0.06412231,0.8355135
4.418801,4.052087,1.159944,0.1034231,-0.2129831,0.5163494,0.06976379,0.8265316
4.439227,4.049225,1.159069,0.09731719,-0.2113936,0.5244974,0.0715772,0.8216398
4.459434,4.042793,1.157052,0.08452806,-0.2088227,0.5406214,0.07465086,0.8115102
4.479882,4.036744,1.155119,0.07069571,-0.206366,0.5571049,0.07636707,0.8007593
4.507425,4.030188,1.153108,0.05617638,-0.2035233,0.5738743,0.07816982,0.7893897
4.52738,4.022955,1.151921,0.04014631,-0.2015164,0.5912268,0.0806551,0.7767475
4.547709,4.01482,1.15241,0.02307592,-0.2009012,0.6088379,0.08545689,0.7626613
4.568073,4.005698,1.154501,0.003937304,-0.2034541,0.6270464,0.09053372,0.7464736
4.589716,3.995271,1.157935,-0.01577736,-0.2078634,0.6439545,0.09660117,0.7299203
4.609867,3.984173,1.161644,-0.03697352,-0.2143326,0.6606483,0.1000817,0.7124529
4.629688,3.978629,1.163126,-0.04760148,-0.2161462,0.6690937,0.1020352,0.7036926
4.649819,3.96721,1.164689,-0.06886092,-0.216059,0.6864359,0.1067718,0.6860933
4.669868,3.956135,1.164935,-0.09040073,-0.2112188,0.7047994,0.1109285,0.6680863
4.689939,3.94541,1.163323,-0.1126932,-0.2012678,0.7241126,0.1144205,0.6496616
4.71055,3.933532,1.161422,-0.1357093,-0.1919389,0.7433306,0.1161767,0.6301762
4.730315,3.919454,1.160411,-0.1607248,-0.1864364,0.762671,0.118718,0.6078491
4.750443,3.911867,1.160409,-0.1734358,-0.1837912,0.7721853,0.1212296,0.596032
4.770425,3.894725,1.161668,-0.1995393,-0.1808135,0.791086,0.1279477,0.5701921
4.791395,3.874985,1.16432,-0.2265242,-0.1827016,0.8091131,0.1345065,0.5420924
4.811368,3.854,1.16737,-0.2525585,-0.1850002,0.8256917,0.1409341,0.5139511
4.831329,3.832368,1.170729,-0.2767855,-0.184643,0.8407246,0.1487218,0.4867966
4.851084,3.82133,1.172366,-0.2883491,-0.1837528,0.8477479,0.1524166,0.4736323
4.871198,3.799403,1.175204,-0.3103098,-0.1803747,0.8609614,0.1582368,0.4485215
4.891277,3.777843,1.177729,-0.3305172,-0.1745008,0.872919,0.1634898,0.4252448
4.911393,3.755391,1.18102,-0.3494017,-0.1701162,0.8832441,0.1685631,0.4031463
4.931651,3.731603,1.185546,-0.367136,-0.1670339,0.8922793,0.1754997,0.3809686
4.951886,3.719361,1.187952,-0.3757147,-0.1658195,0.8965097,0.1790681,0.3697416
4.972753,3.693404,1.193606,-0.3917742,-0.1637249,0.9041955,0.1876683,0.3469945
4.993997,3.666514,1.201834,-0.4065142,-0.1592711,0.9113808,0.1952644,0.3254068
5.01425,3.640509,1.205565,-0.4209772,-0.156508,0.9178228,0.200624,0.3047239
5.034251,3.614124,1.208883,-0.4347368,-0.1537178,0.9237601,0.2051809,0.2844975
5.054505,3.588325,1.212347,-0.4456321,-0.1478161,0.9292406,0.2106496,0.2651206
5.074527,3.561252,1.215124,-0.4578663,-0.1431464,0.9342762,0.2143551,0.2463513
5.094716,3.548076,1.216281,-0.4632652,-0.1405107,0.9364486,0.2163355,0.2377389
5.11523,3.521539,1.218934,-0.4731442,-0.1362656,0.9400231,0.2209111,0.221329
5.135253,3.494525,1.222075,-0.4830756,-0.1331518,0.9430251,0.225171,0.2056023
5.155148,3.466471,1.224292,-0.4924681,-0.1304592,0.9456365,0.228808,0.1907852
5.175072,3.438786,1.2261,-0.5013782,-0.1271309,0.94819,0.2318494,0.1761227
5.196125,3.424041,1.226839,-0.5061564,-0.1251554,0.9494196,0.233051,0.1691919
5.216023,3.395959,1.228461,-0.5144515,-0.1207139,0.9516457,0.2359471,0.1553305
5.236252,3.366722,1.230684,-0.5220205,-0.1170942,0.9532136,0.2403314,0.1411153
5.256683,3.336154,1.233635,-0.5291957,-0.1149167,0.9540732,0.2462489,0.1260951
5.276661,3.304008,1.235734,-0.533298,-0.1143077,0.9543238,0.2526926,0.1111136
5.297228,3.27222,1.239467,-0.5393798,-0.1142554,0.9538975,0.2601727,0.09662057
5.317863,3.256328,1.241336,-0.5423782,-0.1133694,0.9536725,0.2639201,0.08945664
5.337999,3.222867,1.245607,-0.5474156,-0.111118,0.9527918,0.2721734,0.07590889
5.358415,3.190513,1.249122,-0.5532307,-0.1079351,0.9516973,0.2802595,0.06384943
5.378595,3.157965,1.251547,-0.5591422,-0.1049717,0.950523,0.2874537,0.05345384
5.399719,3.122918,1.252292,-0.5659557,-0.1071634,0.9497504,0.2906994,0.04454412
5.419603,3.088942,1.252124,-0.5730752,-0.1047698,0.9496962,0.2929105,0.03610847
5.440134,3.072033,1.252031,-0.5768856,-0.1007063,0.950003,0.2938525,0.0316739
5.460479,3.036208,1.249851,-0.5853521,-0.09062938,0.9514371,0.2935672,0.01928827
5.480701,2.998068,1.247874,-0.5932598,-0.08123301,0.95267,0.2929139,0.004752911
5.501131,2.957995,1.246167,-0.6014114,0.0737234,-0.9539132,-0.2906747,0.01108221
5.521907,2.916751,1.246253,-0.6078381,0.0648932,-0.9550338,-0.2877782,0.02971453
5.542149,2.875656,1.247654,-0.6135229,0.05976984,-0.9563788,-0.2818488,0.04825345
5.562661,2.856118,1.249772,-0.6152154,0.05478836,-0.9568366,-0.2796912,0.05687599
5.583049,2.818917,1.256794,-0.6162082,0.03249525,-0.9569203,-0.2784181,0.07570358
5.604656,2.781774,1.263206,-0.6156331,0.01794475,-0.9558634,-0.2774873,0.09488986
5.625737,2.744744,1.270233,-0.6127082,0.008286407,-0.9532896,-0.2794302,0.1144069
5.646629,2.705794,1.278252,-0.6068995,-0.0008279211,-0.9484553,-0.2854573,0.1376448
5.667908,2.665375,1.28729,-0.5954622,0.000422864,-0.939572,-0.2992993,0.1662055
5.689027,2.626646,1.296819,-0.5819494,-0.005613907,-0.9285449,-0.3138484,0.1981714
5.709692,2.587547,1.300875,-0.5662785,-0.02145939,-0.9175411,-0.3241054,0.2293761
5.731252,2.553918,1.306288,-0.5528764,-0.02874801,-0.9072739,-0.3313678,0.257338
5.753222,2.522259,1.308125,-0.5419618,-0.03717216,-0.8992659,-0.3322982,0.2819877
5.773757,2.508288,1.306738,-0.5373846,-0.04247801,-0.8968419,-0.3296031,0.2919452
5.795065,2.479461,1.304139,-0.5293831,-0.04972024,-0.8923439,-0.3219755,0.3123812
5.816983,2.451184,1.302002,-0.5198156,-0.0581862,-0.8865099,-0.3148064,0.3340831
5.837526,2.424645,1.298381,-0.5092031,-0.06464634,-0.8804088,-0.3071908,0.3554365
5.858218,2.400088,1.29556,-0.497898,-0.06986187,-0.8732132,-0.3023214,0.3757922
5.879025,2.377822,1.292572,-0.4846392,-0.07367214,-0.8650888,-0.3000975,0.3951395
5.899972,2.354792,1.290459,-0.4705027,-0.07661583,-0.8560184,-0.2991408,0.414581
5.920877,2.334442,1.289318,-0.4568548,-0.08321875,-0.8463802,-0.2988514,0.4329008
5.941384,2.315512,1.288084,-0.4435077,-0.08814166,-0.8376353,-0.2980253,0.4491982
5.962018,2.306085,1.287034,-0.4371803,-0.09009781,-0.8335708,-0.2971271,0.4568999
5.982693,2.288568,1.284583,-0.4258369,-0.09338666,-0.827297,-0.2930024,0.4701151
6.003292,2.271406,1.281469,-0.415208,-0.09565227,-0.8216692,-0.2880695,0.4824171
6.024916,2.254835,1.277966,-0.4067117,-0.100088,-0.8173828,-0.2798309,0.4935205
6.045959,2.237951,1.274602,-0.3988557,-0.1060716,-0.8129551,-0.2704277,0.5046996
6.06679,2.220962,1.271824,-0.3905792,-0.1107849,-0.8081543,-0.2638902,0.5147576
6.093709,2.203487,1.269523,-0.3825095,-0.1124107,-0.8037601,-0.2596163,0.523386
6.118381,2.186495,1.268256,-0.374278,-0.1156435,-0.7995639,-0.2555755,0.5310417
6.150567,2.158075,1.26772,-0.3619655,-0.123418,-0.7926368,-0.2473735,0.5434163
6.187148,2.120166,1.270286,-0.3440843,-0.1394084,-0.7804932,-0.2373962,0.5612832
6.207885,2.101336,1.273953,-0.3344523,-0.1478497,-0.7737957,-0.2368512,0.5685792
6.229711,2.082401,1.27841,-0.3238909,-0.1519724,-0.7672107,-0.2410107,0.5746354
6.25073,2.073042,1.281214,-0.3185801,-0.1545499,-0.7638661,-0.2436955,0.5772655
6.271733,2.054088,1.286511,-0.3076981,-0.1575142,-0.757026,-0.2506691,0.5824655
6.292768,2.035619,1.292267,-0.2967729,-0.1622758,-0.7491802,-0.2566305,0.5886734
6.313672,2.01661,1.297684,-0.2878147,-0.1715857,-0.7420077,-0.2571084,0.5948766
6.334434,1.998376,1.303957,-0.2801416,-0.1844594,-0.7353243,-0.254325,0.600493
6.355151,1.977588,1.307285,-0.2704311,-0.1850434,-0.7289285,-0.254892,0.6078259
6.376215,1.956705,1.31039,-0.2624918,-0.185113,-0.7244883,-0.2535114,0.6136627
6.396955,1.937656,1.314826,-0.2568715,-0.1861635,-0.7222666,-0.2533696,0.6160178
6.418064,1.928721,1.317847,-0.2538124,-0.1873437,-0.7205268,-0.2550939,0.6169851
6.44047,1.9116,1.325079,-0.2470257,-0.1932776,-0.7150762,-0.2577296,0.6203912
6.464696,1.886099,1.33493,-0.2369068,-0.2005308,-0.7045614,-0.2607257,0.6288106
6.485752,1.867988,1.339853,-0.2287615,-0.1986687,-0.6986606,-0.2628501,0.6350701
6.507081,1.858814,1.34218,-0.2247989,-0.196715,-0.6959868,-0.2639653,0.6381442
6.52793,1.840137,1.345675,-0.2174415,-0.1931292,-0.6910591,-0.264367,0.6443978
6.54888,1.824304,1.349613,-0.2103896,-0.1926619,-0.686287,-0.2655207,0.6491458
6.569536,1.808489,1.353312,-0.2027528,-0.1945622,-0.6815571,-0.2660139,0.6533468
6.590183,1.79337,1.355734,-0.1937642,-0.1970735,-0.6758431,-0.2660409,0.6584986
6.611301,1.778225,1.3564,-0.1827168,-0.1965485,-0.6691738,-0.2666339,0.6651928
6.631727,1.762402,1.354549,-0.171248,-0.1936148,-0.6637167,-0.2662833,0.6716298
6.653355,1.74526,1.349803,-0.1602264,-0.1861717,-0.6597953,-0.2636095,0.6786165
6.674715,1.72794,1.34411,-0.1493065,-0.1799232,-0.6560894,-0.2576054,0.6861587
6.695582,1.719309,1.340251,-0.1433638,-0.175677,-0.6545603,-0.2547885,0.6897617
6.716508,1.703872,1.334144,-0.1308912,-0.1693595,-0.6503366,-0.2524557,0.6961651
6.737379,1.68997,1.328985,-0.1166132,-0.1702115,-0.6420541,-0.2481884,0.705122
6.758309,1.676327,1.324334,-0.1018512,-0.1661433,-0.6337872,-0.251527,0.7123513
6.779029,1.658751,1.318743,-0.09265794,-0.1660164,-0.6325815,-0.2434159,0.7162598
6.800937,1.639996,1.312001,-0.08744361,-0.1618816,-0.6384616,-0.2369193,0.7141641
6.82203,1.622988,1.305676,-0.08067159,-0.1543105,-0.6447123,-0.24218,0.7084371
6.851429,1.610517,1.3048,-0.0674592,-0.1503604,-0.6412802,-0.2601045,0.7060432
6.873164,1.600586,1.305724,-0.0520851,-0.152221,-0.6321968,-0.2809213,0.7058606
6.893774,1.590487,1.306317,-0.03510804,-0.1568809,-0.6206563,-0.2938163,0.7098212
6.914453,1.577629,1.303046,-0.02138998,-0.1583752,-0.6143425,-0.2965889,0.7138177
6.935331,1.562191,1.299725,-0.008387715,-0.1555626,-0.6118975,-0.3028705,0.7138987
6.955869,1.547885,1.297268,0.006362557,-0.1521921,-0.6105733,-0.3138233,0.7110223
6.976287,1.534943,1.295572,0.02157737,-0.155702,-0.6047637,-0.3206848,0.7121651
6.996615,1.521151,1.293591,0.03753702,-0.1597768,-0.5980973,-0.3233295,0.7156878
7.017352,1.51292,1.292062,0.04406977,-0.1582362,-0.5982655,-0.3244641,0.715376
7.03803,1.49453,1.287934,0.05661349,-0.1507902,-0.6014091,-0.3273416,0.7130336
7.059063,1.476207,1.284047,0.06949787,-0.1392562,-0.6044881,-0.334385,0.7094988
7.080986,1.459079,1.282046,0.08365798,-0.1350432,-0.603518,-0.3365264,0.7101263
7.101496,1.444841,1.282812,0.09920633,-0.1332388,-0.5994216,-0.343521,0.7105874
7.122495,1.435011,1.287887,0.1189124,-0.1224051,-0.5931071,-0.3746825,0.7020356
7.143122,1.422596,1.292605,0.132027,-0.1159803,-0.5948881,-0.3881527,0.694258
7.164134,1.407201,1.295049,0.1420467,-0.1124037,-0.5990967,-0.3878086,0.6914139
7.185618,1.39307,1.297857,0.1537411,-0.110025,-0.6005841,-0.385518,0.6917869
7.206174,1.386346,1.299318,0.1597519,-0.1098208,-0.6010133,-0.3846809,0.6919126
7.228669,1.373302,1.301956,0.1696706,-0.1250322,-0.6004633,-0.3619332,0.7020079
7.249429,1.360887,1.302957,0.182526,-0.1289735,-0.5984333,-0.3510997,0.7085001
7.270608,1.348575,1.303408,0.1951111,-0.1276485,-0.5975786,-0.3454473,0.7122302
7.293526,1.336403,1.304754,0.2047921,-0.1335268,-0.5973418,-0.3332782,0.7171326
7.31436,1.32085,1.305911,0.2089547,-0.129008,-0.6030337,-0.3323474,0.7136194
7.335198,1.305347,1.307337,0.2101045,-0.1301921,-0.6114842,-0.3247316,0.7097088
7.356107,1.290031,1.308837,0.2115513,-0.131152,-0.6164911,-0.3210805,0.7068558
7.376696,1.272945,1.309535,0.2097596,-0.1284754,-0.6267452,-0.3173505,0.6999809
7.397323,1.252247,1.307533,0.1960087,-0.1307059,-0.6505006,-0.2994052,0.685654
7.418192,1.23107,1.302327,0.1832442,-0.123174,-0.6728172,-0.2877719,0.6703228
7.438615,1.221081,1.298323,0.1779149,-0.1155666,-0.6829815,-0.2847549,0.6626427
7.459508,1.201354,1.290321,0.1690733,-0.1039634,-0.6979861,-0.275881,0.6526076
7.480412,1.181096,1.279671,0.1641024,-0.09496494,-0.7064536,-0.2620037,0.6505837
7.50194,1.160811,1.267965,0.1601213,-0.08610186,-0.712176,-0.2442883,0.6524685
7.522734,1.140337,1.255214,0.1563554,-0.07317278,-0.7161368,-0.2294749,0.6550841
7.544038,1.121883,1.243345,0.1493662,-0.08001231,-0.7220289,-0.1987807,0.6578438
7.564625,1.103961,1.232536,0.1456534,-0.08730542,-0.7228495,-0.170735,0.6638644
7.58532,1.08584,1.219786,0.1392003,-0.09440756,-0.7263728,-0.1396976,0.666299
7.605874,1.076343,1.212182,0.136846,-0.09297821,-0.7273926,-0.1251482,0.6682763
7.62677,1.055161,1.192479,0.1394076,-0.06334573,-0.7227122,-0.1102953,0.6793448
7.64765,1.034558,1.172655,0.1422015,-0.02919612,-0.7181932,-0.1027439,0.6875972
7.668847,1.016208,1.158851,0.1359812,-0.01870546,-0.7226739,-0.08853582,0.6852401
7.689209,0.9995817,1.147792,0.1247987,-0.01012889,-0.7323176,-0.07815618,0.6763875
7.712592,0.9839394,1.139652,0.1089425,-0.007862409,-0.7461805,-0.06795178,0.6622201
7.732998,0.9694096,1.13586,0.09546395,-0.01771576,-0.7570637,-0.05665088,0.6506392
7.753365,0.9562984,1.134926,0.08412023,-0.03039772,-0.7654855,-0.04954612,0.6408224
7.773907,0.9431819,1.134639,0.07565466,-0.03321569,-0.7726926,-0.05224067,0.6317546
7.794706,0.9370635,1.135851,0.07119159,-0.03551365,-0.7763528,-0.05623654,0.6267795
7.815356,0.9254032,1.139532,0.06126432,-0.04527007,-0.7838582,-0.06427422,0.615943
7.836011,0.9127646,1.140498,0.05618286,-0.05584414,-0.7862875,-0.06381891,0.6120136
7.856699,0.8979928,1.13695,0.05711159,-0.06471373,-0.7812713,-0.05367111,0.6185037
7.877373,0.8825665,1.132183,0.06220312,-0.06214902,-0.7735883,-0.04850387,0.6287656
7.89813,0.8676193,1.129338,0.06677516,-0.05080127,-0.7679102,-0.05475632,0.6361878
7.920357,0.8562971,1.12874,0.06202319,-0.05990003,-0.7705026,-0.04896138,0.6327248
7.941085,0.846016,1.129654,0.05556734,-0.06928606,-0.7742382,-0.04714064,0.6273216
7.961642,0.8413583,1.130994,0.05297756,-0.07295768,-0.7757647,-0.04972377,0.6248152
7.982272,0.8317689,1.133829,0.05206156,-0.07184188,-0.7752991,-0.06016123,0.6246044
8.003033,0.822761,1.138098,0.05699417,-0.07087425,-0.7695773,-0.0751808,0.6301393
8.023719,0.8149089,1.145438,0.05923632,-0.09950678,-0.7647048,-0.0722546,0.632538
8.044235,0.8090354,1.152919,0.06146534,-0.1362685,-0.7551361,-0.06200679,0.6382441
8.064832,0.8023661,1.156675,0.06360653,-0.1480673,-0.7504235,-0.06254373,0.6411154
8.085826,0.7952143,1.155788,0.0636642,-0.1456315,-0.7516335,-0.0653431,0.6399757
8.106482,0.7926097,1.155368,0.06182373,-0.1446055,-0.7550044,-0.06778184,0.6359742
8.128198,0.78794,1.156163,0.05916747,-0.1391804,-0.7610599,-0.08082157,0.6283984
8.148739,0.7823666,1.155882,0.0607188,-0.1252692,-0.7634843,-0.0956573,0.6262979
8.169145,0.7756903,1.153244,0.06507416,-0.1114234,-0.7609522,-0.1031197,0.6307955
8.189923,0.7685496,1.145825,0.07155207,-0.1045545,-0.7551982,-0.08906094,0.6409464
8.210589,0.7612226,1.133466,0.07152025,-0.1100078,-0.7556059,-0.05299581,0.6435444
8.231153,0.7553241,1.120041,0.06970218,-0.1101075,-0.7585509,-0.01952228,0.6419469
8.257993,0.7495103,1.101784,0.06942108,-0.08760338,-0.762135,0.005093419,0.6414436
8.283171,0.7455314,1.084998,0.06635365,-0.05814828,-0.7710627,0.01796467,0.6338442
8.317338,0.7448227,1.073268,0.05760849,-0.0480734,-0.7826655,0.03128813,0.6197942
8.353845,0.7495487,1.073872,0.04070698,-0.1067254,-0.7977203,0.06843252,0.5895498
8.377476,0.7494975,1.075688,0.04183446,-0.1057184,-0.7985722,0.06335749,0.5891451
8.399757,0.7495474,1.076217,0.04341076,-0.1161869,-0.7971559,0.0694014,0.5884103
8.4205,0.7494934,1.079487,0.0475321,-0.1247442,-0.7943767,0.06774259,0.590606
8.441186,0.7489414,1.082093,0.05358686,-0.1229809,-0.7913564,0.06045957,0.5957981
8.461714,0.7486062,1.082694,0.05609675,-0.1230591,-0.7898375,0.05909565,0.5979306
8.482294,0.7490431,1.083778,0.05825309,-0.1342096,-0.7875801,0.06407692,0.5979964
8.502963,0.7503877,1.084249,0.05764471,-0.1422551,-0.7892867,0.06722651,0.5935239
8.524938,0.7515734,1.082544,0.05674393,-0.1429359,-0.7927861,0.06913384,0.5884556
8.546961,0.7522008,1.08255,0.0569201,-0.1481177,-0.7939023,0.0721802,0.5852951
8.567617,0.7522157,1.082418,0.05901466,-0.1462358,-0.7943249,0.06974821,0.5854898
8.588189,0.7519329,1.08194,0.06165795,-0.1404679,-0.7953038,0.0658019,0.5860297
8.612093,0.7517833,1.082507,0.06162445,-0.1395624,-0.7970313,0.06380291,0.584117
8.632884,0.7525488,1.083946,0.06117092,-0.1412708,-0.7991817,0.0622835,0.5809233
8.653569,0.7532834,1.085731,0.06066026,-0.1453213,-0.800686,0.06136386,0.577943
8.675148,0.7538068,1.087798,0.06173591,-0.1448406,-0.8014998,0.05755606,0.5773271
8.696043,0.7541181,1.089317,0.06265782,-0.1462725,-0.8016927,0.05580984,0.5768695
8.717091,0.7545512,1.090286,0.06310309,-0.1467306,-0.8020345,0.05464968,0.5763889
8.737722,0.7550274,1.091887,0.06417714,-0.1460167,-0.8025872,0.05113916,0.5761231
8.759732,0.7558573,1.092811,0.0639243,-0.1445783,-0.8041633,0.04784284,0.574569
8.780714,0.7568405,1.093552,0.06270812,-0.1456756,-0.8062789,0.04708474,0.5713808
8.801421,0.7578579,1.093662,0.06217955,-0.1456821,-0.8079054,0.04743684,0.5690477
8.822427,0.7580557,1.09331,0.06278892,-0.1451332,-0.8081715,0.04915305,0.5686644
8.842965,0.7579587,1.094037,0.06454425,-0.1450155,-0.8069872,0.04891137,0.5703945
8.863512,0.7580923,1.095326,0.0662023,-0.1449853,-0.8062389,0.04756914,0.5715727
8.884151,0.7584543,1.097121,0.06696524,-0.144429,-0.8062618,0.04499578,0.5718895
8.904777,0.7586429,1.097112,0.06640221,-0.1442274,-0.8069433,0.04475929,0.570997
8.925592,0.7592189,1.097926,0.06610142,-0.1443183,-0.8077174,0.04464896,0.569887
8.946395,0.7597064,1.098448,0.0666035,-0.1460501,-0.8072266,0.04582249,0.5700483
8.968071,0.7601151,1.098699,0.06707923,-0.1461166,-0.8067677,0.04636921,0.5706362
8.989171,0.7603259,1.099411,0.0667436,-0.1462167,-0.8068213,0.04556846,0.5705993
9.009703,0.7603738,1.101061,0.06663938,-0.1461721,-0.8070038,0.04334038,0.5705262
9.030348,0.7605228,1.102332,0.06615408,-0.1463968,-0.8072044,0.0417168,0.570306
9.051138,0.7607265,1.102756,0.06603818,-0.1469839,-0.8070146,0.04195642,0.5704058
9.071799,0.760838,1.102684,0.06591426,-0.1468397,-0.8068478,0.04238732,0.5706471
9.092382,0.7609911,1.102237,0.06558375,-0.1461547,-0.8069162,0.04332981,0.5706554
9.113181,0.7607398,1.10183,0.06478198,-0.1464718,-0.806868,0.0443935,0.5705606
9.167999,0.7614554,1.102346,0.0640635,-0.1461452,-0.806735,0.04242826,0.5709817
9.210221,0.761228,1.100521,0.06495406,-0.1430986,-0.8057002,0.04363275,0.5731197
9.247102,0.761011,1.098706,0.06493996,-0.1416621,-0.8055058,0.0462255,0.5735465
9.27814,0.7612845,1.098434,0.06346585,-0.1416023,-0.8062076,0.04584004,0.5726053
9.29957,0.7610962,1.099043,0.06344749,-0.1413345,-0.8059818,0.04449032,0.5730956
9.320704,0.7612504,1.099405,0.06311356,-0.1421597,-0.8055938,0.04414576,0.5734634
9.341736,0.7611204,1.099123,0.06287749,-0.1420427,-0.8052421,0.04440625,0.5739661
9.363001,0.7604394,1.098517,0.06210069,-0.1412125,-0.8052468,0.04475271,0.5741376
9.383904,0.7603077,1.098105,0.06122302,-0.1408995,-0.8054148,0.04541951,0.5739263
9.406415,0.760745,1.098417,0.06050013,-0.1412026,-0.8058805,0.04514663,0.5732192
9.427902,0.7608202,1.098479,0.05996592,-0.1412787,-0.8060927,0.04511485,0.5729044
9.448918,0.7611153,1.098721,0.05858018,-0.1415633,-0.8066873,0.04469591,0.5720295
9.470001,0.7614157,1.099252,0.05780236,-0.1417392,-0.8068767,0.0436639,0.5717984
9.491503,0.7614138,1.100111,0.05742298,-0.1424583,-0.8063588,0.0427849,0.5724165
9.512649,0.7614765,1.100798,0.05734549,-0.1427919,-0.8058292,0.04207886,0.5731311
9.534561,0.7614651,1.101047,0.05686255,-0.14188,-0.8059592,0.04084625,0.5732638
9.556297,0.7612889,1.101287,0.05619989,-0.1405835,-0.8061261,0.03993249,0.5734131
9.577277,0.7612107,1.101419,0.05502219,-0.141062,-0.8062553,0.04043698,0.5730784
9.597995,0.7609843,1.101521,0.05370747,-0.1427537,-0.8065461,0.04154795,0.5721701
9.61986,0.7610811,1.10155,0.05239858,-0.1425383,-0.8072748,0.0414119,0.5712053
9.640839,0.7616085,1.101746,0.05139549,-0.1423292,-0.8078581,0.04061935,0.5704892
9.661804,0.7616329,1.102337,0.0507315,-0.1430593,-0.8079059,0.04016707,0.5702709
9.682591,0.7616155,1.102562,0.04998975,-0.1433207,-0.8080705,0.03986442,0.5699931
9.703918,0.7618383,1.102709,0.04902665,-0.1431551,-0.8084096,0.03955003,0.5695756
9.724864,0.7618982,1.10267,0.04802738,-0.1437408,-0.8085014,0.03995449,0.5692696
9.746987,0.7620367,1.102402,0.04746233,-0.1440967,-0.8083646,0.04061026,0.5693274
9.768411,0.7619907,1.102373,0.04701938,-0.1442682,-0.8082859,0.04087086,0.569377
9.790149,0.7621253,1.102517,0.04688309,-0.143532,-0.8084439,0.04058274,0.5693595
9.811278,0.7624193,1.102574,0.04651682,-0.1435376,-0.8083243,0.04084333,0.5695093
9.834108,0.7627265,1.102747,0.04611288,-0.144294,-0.8082157,0.04129731,0.5694394
9.855289,0.7630446,1.103351,0.04535402,-0.1451154,-0.8083141,0.04107326,0.5691071
9.8765,0.7631382,1.10357,0.04444848,-0.1447325,-0.8086571,0.04034299,0.5687695
9.897458,0.7634866,1.103763,0.0436217,-0.1443517,-0.8091526,0.03967557,0.5682082
9.918344,0.7636594,1.103574,0.04307373,-0.1439897,-0.8093218,0.03979062,0.568051
9.939662,0.763751,1.103314,0.04253314,-0.144004,-0.8095105,0.04037152,0.5677375
9.960458,0.7638178,1.103164,0.04244129,-0.1442026,-0.8095209,0.04073337,0.5676464
9.981285,0.7639254,1.103018,0.04214068,-0.1445369,-0.8094127,0.04111224,0.5676883
10.00241,0.7641808,1.103151,0.04164813,-0.1441925,-0.8096382,0.04066618,0.5674864
10.0233,0.7645444,1.103216,0.0411496,-0.1440303,-0.8098999,0.04029485,0.5671806
10.0456,0.7644605,1.103317,0.04104941,-0.1444631,-0.809909,0.04064052,0.5670328
10.06737,0.7643538,1.103322,0.04091005,-0.1442154,-0.8098229,0.04071507,0.5672135
10.08821,0.7643568,1.103377,0.04119708,-0.1439711,-0.8096674,0.04049544,0.5675131
10.10898,0.7644019,1.103629,0.04105236,-0.1452744,-0.8093341,0.04088563,0.5676284
10.13002,0.7645743,1.103695,0.0414141,-0.1443317,-0.8093266,0.0402697,0.5679235
10.15187,0.7646973,1.103592,0.04182489,-0.1434287,-0.8091618,0.03995869,0.5684088
10.17294,0.7640058,1.103387,0.04207571,-0.144106,-0.8085407,0.04109665,0.56904
10.19387,0.7638367,1.103592,0.04207556,-0.1445284,-0.8083557,0.04152482,0.5691647
10.21476,0.763821,1.103735,0.04197107,-0.145179,-0.8085026,0.04152607,0.5687903
10.23596,0.7639385,1.104269,0.04178174,-0.1449806,-0.8090243,0.04015826,0.568197
10.2583,0.7641948,1.105196,0.04187785,-0.1446552,-0.8091974,0.03848333,0.5681491
10.28021,0.7640657,1.105574,0.04174201,-0.1452327,-0.8091283,0.03877025,0.5680808
10.30138,0.7638499,1.105284,0.04095976,-0.1455735,-0.809321,0.03968693,0.5676556
10.32224,0.76397,1.10542,0.04040162,-0.1458906,-0.809795,0.04016104,0.5668643
10.34312,0.7644961,1.105884,0.0399494,-0.1465243,-0.810216,0.03997677,0.5661119
10.36422,0.7648878,1.106433,0.03938456,-0.14755,-0.8105343,0.0397315,0.5654066
10.38502,0.7648525,1.106681,0.03885044,-0.1475999,-0.81093,0.03950347,0.5648418
10.4058,0.7652494,1.106861,0.03816707,-0.1481421,-0.8110742,0.03952864,0.564491
10.42683,0.7653967,1.107024,0.03792207,-0.1484588,-0.8111416,0.03951365,0.5643119
10.448,0.7653995,1.107447,0.03745423,-0.148564,-0.8112621,0.03897763,0.5641484
10.46993,0.7659828,1.107678,0.03704314,-0.1480938,-0.8117008,0.03843888,0.5636777
10.4908,0.7668242,1.107699,0.03633316,-0.1484285,-0.812124,0.03880569,0.5629545
10.51205,0.7677248,1.107548,0.03523274,-0.1496432,-0.8123979,0.04010293,0.5621461
10.53357,0.7685245,1.107754,0.03396334,-0.150479,-0.8129302,0.04047298,0.5611262
10.55491,0.7695256,1.108392,0.03275593,-0.1509206,-0.8135427,0.03947904,0.5601899
10.57593,0.7707326,1.10903,0.03082456,-0.1511907,-0.8146273,0.03815942,0.55863
10.59732,0.7719789,1.109222,0.02878045,-0.1509201,-0.8158808,0.03755334,0.5569125
10.61859,0.7729876,1.108901,0.02672268,-0.1506261,-0.8168995,0.03773375,0.5554847
10.63991,0.7739261,1.108828,0.02487619,-0.1516578,-0.8177413,0.03853422,0.5539082
10.66228,0.7751371,1.109039,0.02302913,-0.1524055,-0.8185596,0.0384095,0.552501
10.6857,0.7763103,1.109114,0.02068834,-0.1519403,-0.8196499,0.03755304,0.5510698
10.7084,0.7775385,1.108891,0.01829217,-0.1520572,-0.8207894,0.03775497,0.549325
10.73042,0.7793049,1.108979,0.01589422,-0.1525932,-0.82186,0.03797613,0.5475577
10.7533,0.7812064,1.109154,0.01342167,-0.1529706,-0.8230286,0.03748374,0.5457278
10.77628,0.7829057,1.109834,0.01104747,-0.153254,-0.8241755,0.03594572,0.5440181
10.79969,0.7844836,1.110693,0.00812389,-0.1539353,-0.8252747,0.03491126,0.5422239
10.82407,0.7864111,1.111092,0.005531922,-0.1538554,-0.8264207,0.0341859,0.5405447
10.84784,0.7885535,1.111527,0.00271146,-0.1533045,-0.8278536,0.03313405,0.5385706
10.87115,0.7906796,1.112456,-0.0004161745,-0.1533636,-0.8290458,0.03185369,0.5367942
10.89572,0.7944735,1.11326,-0.005176947,-0.1531761,-0.8307998,0.03006724,0.5342329
10.91936,0.7971711,1.114001,-0.008634701,-0.152572,-0.832365,0.02807816,0.5320732
10.94378,0.7996193,1.114503,-0.01244678,-0.1521028,-0.8340527,0.02596485,0.5296665
10.96705,0.8026124,1.114839,-0.01690121,-0.1519592,-0.8359581,0.02485323,0.5267494
10.99016,0.8060039,1.114332,-0.02141468,-0.1513171,-0.8382245,0.02479245,0.5233241
11.01362,0.8092039,1.11356,-0.02586593,-0.1502897,-0.8404099,0.02474808,0.5201074
11.03708,0.8123155,1.112838,-0.03004839,-0.1494736,-0.8422678,0.02418071,0.5173566
11.06001,0.8155041,1.112244,-0.03457098,-0.1482291,-0.8443304,0.02312757,0.5143924
11.08308,0.8185577,1.111562,-0.03943719,-0.1474769,-0.8464174,0.02264692,0.5111901
11.1069,0.8230003,1.110462,-0.04695465,-0.1469422,-0.8493897,0.02257047,0.5063947
11.1298,0.8258318,1.109901,-0.0515752,-0.1465549,-0.8513513,0.0223327,0.5032135
11.15236,0.8286296,1.108937,-0.05564882,-0.1456481,-0.8532841,0.02178228,0.5002183
11.1753,0.8315582,1.107906,-0.05984904,-0.1446542,-0.8551143,0.02136893,0.4973913
11.19839,0.8341922,1.107192,-0.06446509,-0.1447948,-0.8570263,0.02143195,0.4940455
11.22146,0.8364877,1.106195,-0.06936805,-0.144563,-0.8592516,0.02168389,0.4902224
11.24488,0.8388372,1.105139,-0.07412197,-0.1440121,-0.8614113,0.02216509,0.4865592
11.26885,0.8413429,1.104048,-0.07837041,-0.1443511,-0.863285,0.0229099,0.4830911
11.29369,0.8437272,1.103318,-0.08186118,-0.1447479,-0.8646492,0.02329209,0.4805072
11.31823,0.8474231,1.102105,-0.08685957,-0.1449476,-0.8664846,0.0228754,0.4771491
11.34223,0.8491341,1.101385,-0.09033366,-0.1448786,-0.8677918,0.02295117,0.474785
11.36548,0.851018,1.100753,-0.09378313,-0.1458897,-0.8690994,0.02381654,0.472033
11.38899,0.8528209,1.099886,-0.09698497,-0.1465119,-0.8703362,0.02485053,0.4695013
11.42046,0.8552142,1.098652,-0.1012049,-0.146666,-0.871932,0.0254179,0.4664522
11.45335,0.8577064,1.098324,-0.1050356,-0.1470267,-0.8732284,0.02472459,0.4639439
11.50036,0.860061,1.098064,-0.1106527,-0.1475078,-0.8749348,0.02459103,0.4605712
11.55326,0.8639639,1.097586,-0.1174511,-0.1492175,-0.8770539,0.02558706,0.4559122
11.58983,0.8666697,1.097058,-0.1213199,-0.1493007,-0.8783407,0.02506517,0.4534298
11.63402,0.8698895,1.096582,-0.1271455,-0.1483474,-0.8806871,0.02401437,0.4492289
11.6806,0.8730223,1.094948,-0.1327585,-0.1485659,-0.8824846,0.02480341,0.4455715
11.72874,0.8768478,1.09222,-0.1392545,-0.1468101,-0.8850976,0.02550831,0.4409064
11.7781,0.8787073,1.089982,-0.1433369,-0.1460588,-0.8864572,0.02730994,0.4383089
11.83412,0.8800171,1.088287,-0.1465654,-0.1449469,-0.8869342,0.02742592,0.4377054
11.90408,0.8797643,1.085989,-0.1495555,-0.1442694,-0.8875099,0.02917583,0.4366479
11.97756,0.8772921,1.085024,-0.1525798,-0.1442956,-0.8876476,0.03003351,0.4363009
12.06299,0.8747463,1.085624,-0.1551553,-0.147259,-0.8869795,0.03025694,0.4366539
12.14889,0.8713176,1.085082,-0.1570444,-0.1478387,-0.8863767,0.0305271,0.437662
12.23451,0.8669137,1.08573,-0.1573174,-0.1481347,-0.8849261,0.03005707,0.4405206
12.30312,0.8649377,1.085957,-0.1579931,-0.1484802,-0.8839452,0.02960224,0.4424005
12.37784,0.8624068,1.083643,-0.1589143,-0.1471138,-0.8835458,0.03190568,0.4434935
12.45615,0.8591487,1.083555,-0.1575399,-0.147063,-0.8811827,0.03331849,0.4480842
12.50482,0.8581711,1.085696,-0.1572085,-0.1482354,-0.8801919,0.03137136,0.4497826
12.53206,0.8577645,1.086451,-0.1578003,-0.1484759,-0.8799489,0.0310073,0.4502038
12.55863,0.8578898,1.086379,-0.1585086,-0.148751,-0.8800555,0.03113296,0.4498958
12.58531,0.8584269,1.086106,-0.1596264,-0.1482361,-0.8802626,0.0307869,0.4496843
12.61184,0.8588534,1.085983,-0.1601717,-0.1478271,-0.8803606,0.03052246,0.4496451
12.63832,0.8592139,1.085423,-0.160731,-0.1474588,-0.8804511,0.03084033,0.4495672
12.66618,0.8589036,1.08559,-0.1613607,-0.1473498,-0.8803773,0.03069092,0.4497577
12.69586,0.8587546,1.085454,-0.1610305,-0.1462574,-0.8799406,0.0300159,0.4510127
12.72074,0.8583316,1.085376,-0.160788,-0.1462286,-0.8793752,0.03025276,0.4521077
12.74687,0.8580929,1.085329,-0.1604496,-0.1461356,-0.8789345,0.030315,0.4529896
12.77169,0.857992,1.085394,-0.1603296,-0.1453224,-0.8788129,0.02963921,0.4535315
12.79631,0.8577902,1.085516,-0.1600713,-0.1451627,-0.8784915,0.02952765,0.454212
12.82065,0.8578094,1.085764,-0.1601199,-0.1459074,-0.8782883,0.02972331,0.4543537
12.8451,0.8580175,1.086056,-0.159992,-0.1460132,-0.8782902,0.02927347,0.4543451
12.86852,0.8581933,1.087221,-0.1600772,-0.1464743,-0.8783029,0.02845208,0.4542244
12.89352,0.8593182,1.088221,-0.1613133,-0.1476754,-0.8785979,0.02809687,0.453286
12.91735,0.8599706,1.088601,-0.1620684,-0.1482542,-0.878914,0.02831479,0.45247
12.94111,0.8609117,1.089465,-0.1633051,-0.1498227,-0.8794532,0.02793971,0.4509263
12.96471,0.8620321,1.090653,-0.1649844,-0.1503525,-0.8804352,0.02644647,0.4489195
12.98733,0.8632114,1.091867,-0.1666187,-0.1508944,-0.8812394,0.02519473,0.4472284
13.01047,0.8643632,1.092889,-0.1682344,-0.1523618,-0.881703,0.02473604,0.4458407
13.03294,0.8651161,1.093479,-0.1697382,-0.1523606,-0.8822887,0.02402398,0.4447199
13.05605,0.8656951,1.093622,-0.1713209,-0.1513716,-0.8831952,0.02325432,0.4432969
13.07871,0.8661852,1.093162,-0.1723124,-0.1509523,-0.8837832,0.02353362,0.442252
13.10268,0.8671647,1.092402,-0.1729615,-0.1498357,-0.8843638,0.02358991,0.4414675
13.12666,0.8676473,1.09135,-0.1730164,-0.1477298,-0.8847272,0.02356242,0.4414504
13.14967,0.8682261,1.090317,-0.1726705,-0.1463929,-0.8845533,0.02411344,0.442214
13.17244,0.8690453,1.089765,-0.1724815,-0.1458552,-0.8845054,0.02392703,0.4424975
13.19515,0.8698739,1.089732,-0.1726139,-0.1454326,-0.8849295,0.02340123,0.4418163
13.21775,0.8706915,1.088852,-0.1727712,-0.1445439,-0.8855531,0.02364291,0.4408445
13.24075,0.8706869,1.087713,-0.1724636,-0.143922,-0.8856748,0.02480431,0.4407396
13.26364,0.8699933,1.086565,-0.1722268,-0.1431338,-0.8856989,0.02598865,0.4408797
13.28714,0.8691081,1.085383,-0.1719263,-0.141807,-0.8857566,0.0265258,0.4411603
13.3107,0.868454,1.08463,-0.1714546,-0.1407173,-0.8859873,0.02645154,0.4410504
13.33365,0.8672832,1.083736,-0.1704716,-0.1396824,-0.8859016,0.0269192,0.4415231
13.35639,0.8659504,1.082623,-0.1688232,-0.1389143,-0.8852888,0.02803368,0.4429228
13.37975,0.8646153,1.081657,-0.1673578,-0.1384293,-0.8847303,0.02928848,0.444108
13.40256,0.8630552,1.081156,-0.1654782,-0.1378754,-0.8839586,0.02963494,0.4457907
13.42604,0.8610043,1.081219,-0.1631892,-0.1373125,-0.883001,0.02958034,0.447861
13.44889,0.8575516,1.081306,-0.1598135,-0.1374843,-0.8813294,0.02965957,0.4510842
13.47215,0.8551691,1.081479,-0.1578398,-0.1373126,-0.8803166,0.0298823,0.4530949
13.49578,0.8533569,1.081435,-0.1561164,-0.1377822,-0.8794187,0.03034595,0.4546624
13.52042,0.8513467,1.081351,-0.154566,-0.1375738,-0.8788378,0.03074234,0.4558207
13.54341,0.8497694,1.08154,-0.1530824,-0.1373722,-0.8784088,0.03039257,0.4567309
13.56653,0.8482409,1.082077,-0.1517079,-0.1377667,-0.8778458,0.03020322,0.4577062
13.58953,0.846552,1.082555,-0.150131,-0.1379003,-0.8770659,0.03019335,0.4591593
13.61319,0.8447655,1.083056,-0.1483912,-0.138555,-0.8761403,0.03039845,0.4607133
13.63595,0.8427789,1.083854,-0.146744,-0.1386355,-0.8751535,0.03022516,0.4625722
13.65848,0.8410865,1.085148,-0.1451419,-0.1384522,-0.8744497,0.0289317,0.4640385
13.68163,0.8398167,1.086555,-0.1436909,-0.1381959,-0.8740861,0.02731676,0.4648969
13.70418,0.8380439,1.089044,-0.1418263,-0.1397387,-0.8730786,0.02540236,0.4664349
13.72808,0.8372787,1.090809,-0.1407607,-0.1401231,-0.8727075,0.02378179,0.4670992
13.75112,0.8366812,1.092167,-0.1399939,-0.140498,-0.8725072,0.02272542,0.4674133
13.77396,0.8360845,1.093051,-0.1391753,-0.1401229,-0.8723338,0.02200992,0.4678835
13.7972,0.8356521,1.094055,-0.1382492,-0.1407284,-0.8720356,0.02176072,0.4682691
13.82,0.8350733,1.095123,-0.1375268,-0.1410729,-0.8718865,0.02108391,0.468474
13.84451,0.8346224,1.096724,-0.1369027,-0.1415821,-0.8717036,0.0199696,0.4687095
13.86791,0.8350459,1.097897,-0.1360387,-0.1423083,-0.8715405,0.01871303,0.4688446
13.89083,0.8355739,1.099048,-0.1357192,-0.1423847,-0.8716932,0.01731205,0.4685914
13.91493,0.8362826,1.100033,-0.1352118,-0.1425646,-0.8718415,0.01603309,0.4683061
13.93927,0.8365674,1.100542,-0.1345236,-0.1424343,-0.8718497,0.0153197,0.4683546
13.96249,0.8368239,1.100539,-0.1346501,-0.1425463,-0.8721631,0.01582024,0.4677198
13.9858,0.8376032,1.099696,-0.134581,-0.1425474,-0.8726043,0.01666874,0.4668664
14.00894,0.8378634,1.099083,-0.1346006,-0.1418305,-0.8730953,0.01700725,0.4661539
14.03233,0.8381431,1.099148,-0.1350577,-0.1415275,-0.8737383,0.01674367,0.4650495
14.05564,0.8392686,1.099932,-0.1357435,-0.1426023,-0.8745351,0.0159015,0.4632496
14.07933,0.8406816,1.100721,-0.136462,-0.1440217,-0.8752924,0.01469871,0.4614162
14.10256,0.8415335,1.101382,-0.1368574,-0.1445722,-0.8758353,0.01370345,0.460243
14.12552,0.8414706,1.101824,-0.1365211,-0.1443852,-0.8759519,0.01282378,0.4601051
14.15036,0.8414646,1.10199,-0.1354916,-0.1455478,-0.8757143,0.01293888,0.4601878
14.17318,0.8407478,1.102082,-0.1346225,-0.147432,-0.8752083,0.01339885,0.4605375
14.19681,0.8398817,1.101964,-0.1328172,-0.1480097,-0.8744781,0.01336935,0.4617386
14.22034,0.8381253,1.101347,-0.1305265,-0.1475639,-0.8735251,0.01312412,0.463688
14.24337,0.8364729,1.10053,-0.1284939,-0.1477366,-0.8728245,0.01359592,0.464937
14.26658,0.8348234,1.100022,-0.1265967,-0.1486378,-0.8721966,0.01395344,0.4658168
14.29017,0.8334292,1.09925,-0.1243639,-0.1496291,-0.8715716,0.01454892,0.4666502
14.3133,0.831967,1.098326,-0.1219758,-0.1504084,-0.8707541,0.01593567,0.4678789
14.33691,0.8305726,1.097624,-0.1191605,-0.1509687,-0.8699163,0.01683907,0.4692234
14.36054,0.8286952,1.097233,-0.1151917,-0.1526837,-0.8685138,0.01694273,0.4712585
14.38357,0.8273051,1.097698,-0.1126906,-0.1552353,-0.8674058,0.01672096,0.4724719
14.40614,0.8259746,1.098706,-0.1104269,-0.1576103,-0.8667359,0.01591789,0.4729424
14.42881,0.8244686,1.09863,-0.1076966,-0.1578059,-0.8663279,0.01568307,0.4736322
14.45137,0.8226023,1.097801,-0.1048126,-0.1573281,-0.8657143,0.01706759,0.4748636
14.48053,0.821183,1.096545,-0.101424,-0.1569487,-0.8649164,0.02075877,0.4762939
14.50735,0.8196461,1.096397,-0.09642209,-0.158996,-0.8630509,0.02512722,0.4787818
14.5416,0.8184778,1.100738,-0.09126149,-0.1617794,-0.8601736,0.02205591,0.4831588
14.58226,0.8175449,1.10528,-0.08647467,-0.1636937,-0.8574338,0.01730172,0.4875575
14.60597,0.8171358,1.106271,-0.08533217,-0.1635648,-0.8571439,0.01601496,0.4881541
14.62884,0.81738,1.106024,-0.08576755,-0.1617742,-0.8584333,0.01525879,0.4865065
14.65159,0.8181965,1.105106,-0.08715291,-0.1595803,-0.8605879,0.01536559,0.4834113
14.67458,0.8194453,1.10425,-0.08827208,-0.1586985,-0.8623612,0.01670179,0.4804883
14.69752,0.8201841,1.103563,-0.08872105,-0.1575443,-0.8635739,0.01786256,0.4786448
14.72037,0.8211111,1.104071,-0.08905609,-0.1571775,-0.8643371,0.01849597,0.4773621
14.7432,0.8225738,1.105909,-0.08857672,-0.1578775,-0.8644162,0.01748655,0.4770259
14.76764,0.8240341,1.108256,-0.08797137,-0.1587458,-0.8642642,0.01507012,0.4770955
14.79069,0.8254657,1.110458,-0.08721663,-0.1587494,-0.8641476,0.01202067,0.477392
14.81381,0.8270917,1.111163,-0.08718981,-0.1577916,-0.8645638,0.01079822,0.476985
14.83678,0.8288162,1.110786,-0.08743559,-0.157514,-0.8652002,0.01120722,0.4759122
14.85956,0.8309024,1.109081,-0.08859874,-0.1543505,-0.8670884,0.0113925,0.4735017
14.88248,0.8332855,1.108067,-0.09017111,-0.1525786,-0.8688718,0.01142581,0.4707983
14.90513,0.8356912,1.106553,-0.09176187,-0.1515799,-0.8708494,0.01201571,0.4674403
14.92786,0.8368418,1.105227,-0.09228586,-0.1503565,-0.8719898,0.01272345,0.4656875
14.9509,0.8375683,1.103682,-0.09189136,-0.1493557,-0.872316,0.01396518,0.465363
14.97567,0.8389035,1.101951,-0.0916815,-0.1486941,-0.8728201,0.01488007,0.4646006
14.99827,0.8397396,1.100103,-0.09168459,-0.146862,-0.8737186,0.01539393,0.4634765
15.02151,0.8397779,1.098526,-0.09122564,-0.1455403,-0.8740602,0.0165093,0.4632107
15.04463,0.8393685,1.096521,-0.09035502,-0.1442484,-0.8741149,0.01810225,0.463452
15.07871,0.8389284,1.094227,-0.08927433,-0.1429491,-0.8739884,0.01998899,0.4640155
15.10162,0.8383043,1.09342,-0.0886706,-0.1426797,-0.8738458,0.02057021,0.4643414
15.12411,0.8374848,1.09261,-0.087837,-0.1414533,-0.8737626,0.02106058,0.4648509
15.1468,0.8369811,1.091958,-0.08676101,-0.140638,-0.8735766,0.0214163,0.4654312
15.16972,0.8363675,1.092039,-0.08573164,-0.1412615,-0.8730495,0.02150864,0.4662265
15.19347,0.8352823,1.092693,-0.08416428,-0.1408592,-0.8724469,0.02055789,0.4675173
15.21629,0.8341361,1.092576,-0.08319296,-0.1399531,-0.8720772,0.02069695,0.4684721
15.23883,0.8333646,1.092395,-0.08162417,-0.1386114,-0.8714491,0.02178365,0.4699882
15.26169,0.8331935,1.092408,-0.08028971,-0.138463,-0.8710421,0.02291673,0.4707319
15.28432,0.8328342,1.093989,-0.07911859,-0.139962,-0.8704196,0.02323348,0.471424
15.3074,0.8320815,1.096073,-0.07707645,-0.1411996,-0.8689232,0.02207145,0.4738649
15.33056,0.8309721,1.097736,-0.07377364,-0.139884,-0.8670131,0.0194391,0.4778524
15.35332,0.8294052,1.098811,-0.07116903,-0.1393301,-0.8654646,0.01771534,0.4808787
15.37604,0.8274168,1.098881,-0.06912191,-0.1384839,-0.8644956,0.0168541,0.4828929
15.4001,0.8256257,1.097742,-0.06711788,-0.137783,-0.8638988,0.01706148,0.4841525
15.42294,0.8242897,1.095705,-0.06571747,-0.1340711,-0.8646201,0.01658652,0.4839235
15.44591,0.8232853,1.093505,-0.06487219,-0.1272874,-0.8666153,0.01452072,0.4822499
15.46853,0.8223888,1.092046,-0.06413318,-0.1206259,-0.8692212,0.01276729,0.479313
15.49139,0.8221985,1.091461,-0.06369983,-0.1191863,-0.8721412,0.01359646,0.4743199
15.51406,0.8219707,1.091604,-0.06303515,-0.119299,-0.8750886,0.01469009,0.4687984
15.53714,0.8207169,1.094127,-0.059588,-0.121891,-0.8781937,0.01443014,0.4622881
15.55978,0.8186653,1.096952,-0.05521818,-0.1213738,-0.8794229,0.01010828,0.4601974
15.58227,0.8170198,1.100283,-0.05122353,-0.1205271,-0.8813111,0.004542918,0.4568844
15.60582,0.8157232,1.103052,-0.04824652,-0.1199493,-0.8845593,-0.0005593965,0.4507402
15.62825,0.8153709,1.10462,-0.04569452,-0.1195958,-0.8887481,-0.003708608,0.4425041
15.65077,0.8154101,1.106027,-0.04317503,-0.1201896,-0.893013,-0.006385106,0.4336375
15.67315,0.8157303,1.10754,-0.04064186,-0.1201409,-0.8978384,-0.009730467,0.4235064
15.69654,0.8171281,1.109234,-0.03849177,-0.1209963,-0.9035046,-0.01333922,0.4109277
15.71945,0.8191447,1.110211,-0.03632225,-0.1214495,-0.9095585,-0.01620274,0.3971031
15.74253,0.8214236,1.110176,-0.03350987,-0.1198322,-0.9158936,-0.01766565,0.3827103
15.76564,0.8238159,1.109778,-0.03043045,-0.1200362,-0.9219139,-0.01730904,0.3679218
15.78824,0.8276731,1.108264,-0.0271944,-0.1232405,-0.9280948,-0.01322648,0.3511082
15.81208,0.8328876,1.105885,-0.02412023,-0.1272233,-0.934538,-0.006897783,0.3322732
15.83514,0.8385453,1.103954,-0.02019672,-0.1348056,-0.9399517,-0.0001220703,0.3135574
15.8581,0.8423365,1.103422,-0.0140921,-0.144141,-0.9429901,0.004175447,0.2999593
15.88048,0.843567,1.103719,-0.006081119,-0.1459485,-0.9453341,0.003374091,0.2916011
15.90287,0.8433059,1.104964,0.002691105,-0.142912,-0.9472201,-0.001064184,0.2869652
15.92525,0.8444434,1.10328,0.01455291,-0.1370782,-0.9508412,-0.001949307,0.2776811
15.94763,0.8468893,1.100277,0.02066259,-0.1337751,-0.9538971,0.002234254,0.2686625
15.96994,0.8504869,1.097307,0.02610074,-0.1319172,-0.9570161,0.007032564,0.2582026
15.99252,0.8535218,1.095722,0.03115986,-0.1333219,-0.9590196,0.01108423,0.2497675
16.01566,0.8553401,1.095201,0.03609227,-0.1341272,-0.9604687,0.01314341,0.243592
16.03846,0.8567469,1.096048,0.04022421,-0.1303929,-0.9622612,0.0110627,0.2385974
16.06098,0.8588275,1.097622,0.04352961,-0.1222387,-0.9647856,0.005796733,0.2328365
16.0842,0.8615282,1.098578,0.04607733,-0.1149572,-0.967316,0.002142325,0.2260088
16.10657,0.8650054,1.097922,0.0474367,-0.1121679,-0.9695711,0.002214155,0.2175902
16.12912,0.8688468,1.096555,0.04813771,-0.1129444,-0.9715161,0.004534711,0.2082773
16.15153,0.8723162,1.095373,0.04885747,-0.1115446,-0.9734962,0.005872077,0.1995707
16.17391,0.8747593,1.095289,0.04965578,-0.1070721,-0.9754088,0.004601581,0.1925932
16.19657,0.8761957,1.095974,0.05063961,-0.1038038,-0.9767288,0.002341715,0.1876702
16.22042,0.8763842,1.09642,0.05176289,-0.1014596,-0.9775488,0.001021313,0.184671
16.24302,0.87608,1.095645,0.05254392,-0.09827047,-0.9783663,0.001646819,0.1820427
16.26545,0.8758642,1.095183,0.05313851,-0.09634063,-0.9790249,0.001998377,0.1795127
16.28781,0.8753178,1.095445,0.05350716,-0.09317252,-0.979629,0.0009455526,0.1778906
16.31019,0.8743472,1.097001,0.0529076,-0.0891817,-0.9804065,-0.0008279211,0.1756391
16.33253,0.8756005,1.097805,0.05270709,-0.0876634,-0.9810684,-0.002046271,0.1726722
16.35527,0.8764057,1.097953,0.05194448,-0.08604624,-0.9817281,-0.002273918,0.169708
16.37757,0.8770117,1.097595,0.05098771,-0.08378907,-0.9824309,-0.001568022,0.1667528
16.39998,0.8778337,1.097843,0.05024891,-0.07855365,-0.9833825,-0.00133163,0.1636653
16.42343,0.8797343,1.09958,0.04973386,-0.07533697,-0.984248,-0.002726844,0.1599149
16.44702,0.8818476,1.102508,0.04910611,-0.07638725,-0.9847538,-0.004258487,0.1562269
16.46992,0.8845664,1.108262,0.04821889,-0.07841096,-0.9851699,-0.0086334,0.152373
16.49244,0.8854197,1.111531,0.04826482,-0.07766081,-0.9852514,-0.01304783,0.1519159
16.5702,0.8936031,1.113213,0.04462002,-0.07506153,-0.9870304,-0.01505231,0.1411032
16.59375,0.8960582,1.112606,0.0433365,-0.07545002,-0.9874864,-0.01461534,0.1377111
16.61792,0.8977206,1.112628,0.04259311,-0.07347944,-0.9878941,-0.01524853,0.1357698
16.64399,0.8986587,1.112747,0.0423943,-0.07150998,-0.9880516,-0.01576126,0.1356172
16.66878,0.8987284,1.112404,0.04135419,-0.0729186,-0.9879329,-0.0153828,0.135775
16.69528,0.8969303,1.112798,0.0409178,-0.07488693,-0.9873487,-0.01579856,0.1388705
16.72206,0.8955229,1.114609,0.04104196,-0.07484703,-0.9869344,-0.01845524,0.1414846
16.74936,0.893025,1.116103,0.04006992,-0.07537879,-0.986366,-0.02131307,0.1447268
16.77573,0.8926804,1.116221,0.03920208,-0.0770841,-0.9862128,-0.02057021,0.1449804
16.80128,0.8933595,1.11577,0.03895704,-0.07894062,-0.9862161,-0.01939536,0.1441182
16.82745,0.89302,1.116827,0.03889485,-0.08015662,-0.9859695,-0.02038903,0.1449941
16.85341,0.8923926,1.118308,0.03918336,-0.08103602,-0.9855077,-0.02204341,0.147383
16.88156,0.8915765,1.119017,0.03929444,-0.08270352,-0.9849364,-0.02228845,0.1502126
16.90623,0.8909876,1.119163,0.03951384,-0.08365237,-0.9845503,-0.02199807,0.1522467
16.9313,0.8902236,1.11987,0.03978638,-0.08357797,-0.9841506,-0.022785,0.1547361
16.95525,0.8900183,1.120338,0.03996275,-0.08301464,-0.9838832,-0.02364008,0.1566002
16.97934,0.8897364,1.120941,0.04014094,-0.08312397,-0.9835984,-0.02429383,0.158223
17.00389,0.890322,1.122052,0.03999279,-0.08642449,-0.9829044,-0.02504465,0.1606317
17.02766,0.8907161,1.122313,0.03960268,-0.08751557,-0.9825882,-0.02552438,0.1618949
17.0532,0.8914897,1.123209,0.03936087,-0.08770283,-0.9824091,-0.02680187,0.1626721
17.07815,0.8925655,1.124124,0.03878318,-0.08806991,-0.9823352,-0.028445,0.1626412
17.10222,0.8939986,1.124766,0.0382335,-0.0888094,-0.9822537,-0.02931696,0.1625763
17.1268,0.8960726,1.12487,0.03773795,-0.09089641,-0.9820681,-0.02908964,0.162585
17.15191,0.8972041,1.124981,0.03741167,-0.09224058,-0.9818766,-0.02930298,0.1629457
17.17706,0.8978577,1.124952,0.03706367,-0.09280315,-0.9817241,-0.02978566,0.163457
17.2022,0.8984686,1.124947,0.03673385,-0.09418284,-0.9815002,-0.0297203,0.1640235
17.22744,0.8993607,1.125013,0.03604089,-0.09748024,-0.9810694,-0.0291467,0.1647753
17.25326,0.8997868,1.125089,0.03555115,-0.0982255,-0.98089,-0.02945236,0.1653453
17.27936,0.8998766,1.125351,0.03515704,-0.09805939,-0.9807119,-0.03028746,0.1663469
17.30492,0.8999158,1.125051,0.03445505,-0.09932175,-0.9803061,-0.03032016,0.1679759
17.33111,0.8997309,1.12432,0.0339617,-0.09945247,-0.9801591,-0.02911371,0.1689667
17.35715,0.8999261,1.123984,0.03350611,-0.1017498,-0.9797925,-0.028304,0.1698606
17.38585,0.9001365,1.124577,0.03291853,-0.1048209,-0.9792402,-0.02891263,0.1710711
17.41357,0.9004984,1.125467,0.03215618,-0.1055204,-0.9790352,-0.03060413,0.1715195
17.44152,0.9005732,1.125966,0.031175,-0.1074974,-0.978793,-0.03114564,0.1715768
17.46976,0.9012668,1.126671,0.03004421,-0.1108823,-0.9784463,-0.03182713,0.1712746
17.49782,0.9017863,1.127242,0.02931319,-0.1130291,-0.9782493,-0.03260192,0.1708508
17.52519,0.9035383,1.127765,0.0280676,-0.117153,-0.9780937,-0.03333101,0.1688104
17.55343,0.9046147,1.128085,0.02700184,-0.1186515,-0.9781969,-0.03376011,0.1670718
17.58168,0.905915,1.128518,0.02653719,-0.1207685,-0.9780647,-0.0343868,0.1661989
17.61247,0.9063654,1.128459,0.02614252,-0.1229718,-0.9778081,-0.03442448,0.1660852
17.64003,0.9072442,1.128083,0.02534957,-0.1250795,-0.9777191,-0.03382515,0.1651554
17.6687,0.907625,1.128119,0.02492987,-0.1263967,-0.9776204,-0.03400529,0.1646996
17.69609,0.9076812,1.128165,0.02425455,-0.1271104,-0.9774975,-0.03466389,0.1647424
17.7301,0.9081838,1.127947,0.02330689,-0.1290594,-0.9772878,-0.03443898,0.1645184
17.7641,0.9100479,1.128063,0.02267779,-0.1309448,-0.9772625,-0.03495583,0.163063
17.79901,0.9114245,1.128288,0.02182554,-0.1317576,-0.9774421,-0.0357691,0.1611443
17.83442,0.9123162,1.127963,0.02076755,-0.1328575,-0.9774756,-0.03546222,0.1601024
17.87955,0.9137021,1.128473,0.02000956,-0.1352791,-0.9773049,-0.03564662,0.1590727
17.91391,0.9150079,1.129247,0.01946677,-0.1373493,-0.9770952,-0.03650943,0.1583892
17.95267,0.9162265,1.130114,0.01909177,-0.1378054,-0.977094,-0.03778052,0.1577012
17.98921,0.9177329,1.130433,0.01879276,-0.1386478,-0.9771608,-0.03806422,0.156476
18.02546,0.9198768,1.130061,0.01864915,-0.1391307,-0.977289,-0.03805247,0.1552448
18.06526,0.9225636,1.130298,0.01796733,-0.1409067,-0.9773726,-0.0383767,0.1530208
18.10748,0.9260012,1.129989,0.01765572,-0.1399628,-0.9779054,-0.03867067,0.1503865
18.14912,0.9291155,1.130247,0.01716404,-0.1407099,-0.9781426,-0.03946196,0.1479206
18.19196,0.9321597,1.12928,0.01627506,-0.1400724,-0.9787233,-0.03901957,0.1447687
18.2371,0.9347149,1.128633,0.01651831,-0.1412414,-0.9788952,-0.0382316,0.1426654
18.29457,0.9361315,1.129262,0.0171894,-0.1397333,-0.9790499,-0.03976645,0.1426696
18.35604,0.9375244,1.128304,0.01678477,-0.1413057,-0.9791092,-0.03811703,0.1411559
18.43549,0.9385283,1.128914,0.01684098,-0.1415652,-0.9792452,-0.03896702,0.1397126
18.55639,0.9358255,1.131226,0.018611,-0.1418358,-0.9785238,-0.04057604,0.1439703
18.66495,0.9336652,1.136758,0.01952253,-0.1433025,-0.9776891,-0.04486063,0.1468873
18.7846,0.9318734,1.139338,0.01976822,-0.1428464,-0.9772344,-0.04689233,0.1496966
18.90042,0.9267765,1.133335,0.01947017,-0.1414589,-0.9769707,-0.0416614,0.1542141
19.01291,0.9162654,1.133846,0.02240388,-0.1421863,-0.9748088,-0.04029134,0.1670554
19.13199,0.9150952,1.134652,0.0221587,-0.1411538,-0.9744828,-0.04097037,0.1696477
19.29883,0.9196237,1.130136,0.02075754,-0.1382941,-0.975073,-0.03611074,0.1697156
19.42009,0.9269132,1.124591,0.01772584,-0.1373603,-0.975799,-0.0305995,0.1673684
19.50874,0.9333251,1.122317,0.01350887,-0.1344942,-0.9766116,-0.02894174,0.1652379
19.57473,0.9395024,1.119245,0.00913994,-0.1322475,-0.9775963,-0.02578835,0.1617132
19.64017,0.943411,1.117193,0.005283937,-0.1303603,-0.9777611,-0.02376675,0.1625565
19.702,0.9459545,1.11578,0.001205072,-0.1336084,-0.9763887,-0.02328569,0.1681421
19.7631,0.9480656,1.110442,-0.005382344,-0.1377329,-0.9751398,-0.01949192,0.172488
19.82456,0.9462007,1.101108,-0.01405205,-0.1421264,-0.9723041,-0.01172447,0.1851686
19.88702,0.941534,1.092928,-0.0209585,-0.1412899,-0.9687653,-0.004920811,0.2037322
19.9514,0.9374061,1.085663,-0.0298052,-0.1370609,-0.9639198,0.003273215,0.2281714
20.01426,0.939178,1.082083,-0.04218517,-0.1367297,-0.9595982,0.005661484,0.2458542
20.07856,0.9378757,1.074836,-0.05282272,-0.1331393,-0.9556707,0.01202687,0.2623411
20.14353,0.9304723,1.069124,-0.06397496,-0.1411832,-0.9480024,0.02001358,0.2845316
20.20938,0.9070174,1.060903,-0.06816085,-0.1460822,-0.9343613,0.03579263,0.3230292
20.27566,0.874897,1.058141,-0.06729247,-0.1626229,-0.9137536,0.05131717,0.3687475
20.34096,0.8429124,1.043712,-0.07121091,-0.2087726,-0.8882049,0.103726,0.395913
20.40691,0.8090888,1.04436,-0.07513972,-0.2552622,-0.861176,0.1324244,0.4191431
20.47479,0.7846898,1.040041,-0.08593704,-0.2580836,-0.8555266,0.1429327,0.4254849
20.54088,0.771751,1.037125,-0.1010903,-0.3116268,-0.8402755,0.1746486,0.4078282
20.60697,0.7616069,1.05169,-0.1038677,-0.3475405,-0.8237521,0.1763699,0.4117546
20.6759,0.7569652,1.058328,-0.1029689,-0.3690321,-0.8127627,0.1844212,0.4113646
20.74155,0.7545206,1.065236,-0.1006911,-0.3959484,-0.7977428,0.1927524,0.4119198
20.80711,0.7511914,1.073548,-0.09617303,-0.4120823,-0.785432,0.1938101,0.4191926
20.87461,0.7418612,1.066374,-0.08944438,-0.4077621,-0.7815008,0.2073878,0.4242369
20.94169,0.7369412,1.064829,-0.08725195,-0.4210958,-0.77247,0.2172814,0.422797
21.00804,0.731485,1.057804,-0.08503346,-0.4230032,-0.7686822,0.2305623,0.4207577
21.0756,0.7272729,1.05318,-0.08185862,-0.4217049,-0.7652037,0.2372345,0.4246742
21.14269,0.7273358,1.04914,-0.08553202,-0.4262558,-0.765897,0.2411727,0.4165856
21.20935,0.7268369,1.048497,-0.08417191,-0.4321687,-0.7608739,0.2451424,0.4173804
21.27871,0.7293074,1.048153,-0.08849241,-0.4424812,-0.7589309,0.2471402,0.4088474
21.36127,0.7301266,1.053238,-0.08769105,-0.4417655,-0.7588021,0.2398891,0.414145
21.44265,0.7305068,1.053598,-0.08829068,-0.4419005,-0.758879,0.2415626,0.4128851
21.51142,0.7313299,1.056926,-0.09160461,-0.445065,-0.7579365,0.2402912,0.4119583
21.57863,0.7325739,1.062148,-0.09497939,-0.4374084,-0.7639715,0.2322668,0.4136105
21.65306,0.7348109,1.066452,-0.1016328,-0.4358776,-0.7688695,0.2284985,0.4082144
21.72602,0.7352701,1.075163,-0.1078073,-0.4320187,-0.7726542,0.2261266,0.4064876
21.80432,0.732408,1.091453,-0.1091699,-0.4244801,-0.7748993,0.2170697,0.4150044
21.88445,0.7289459,1.106463,-0.1086497,-0.4117762,-0.7801087,0.2083387,0.422452
21.95178,0.7283955,1.123214,-0.1135976,-0.4006915,-0.7886152,0.1943503,0.4239815
22.01699,0.7247095,1.148249,-0.1164523,-0.3902374,-0.7936718,0.1770491,0.4318026
22.08221,0.717347,1.180956,-0.1151613,-0.3716984,-0.7984629,0.1526115,0.4483382
22.14688,0.7080214,1.217575,-0.1093536,-0.3571682,-0.797299,0.1309533,0.4686112
22.2115,0.6980992,1.25231,-0.1023485,-0.3361326,-0.798763,0.1093065,0.4868725
22.27496,0.6899821,1.290668,-0.09237222,-0.3217643,-0.7943625,0.07901854,0.5091287
22.3384,0.6808171,1.330893,-0.08336385,-0.3026399,-0.7915272,0.05067131,0.5285133
22.40344,0.6728011,1.37357,-0.07519121,-0.2919549,-0.7843986,0.02319432,0.546757
22.46646,0.6673834,1.403798,-0.07302739,-0.2786808,-0.7842109,0.003343033,0.5543818
22.52825,0.6603335,1.443978,-0.06660624,-0.2684882,-0.7784109,-0.02165948,0.5670286
22.58896,0.6527687,1.476911,-0.06503664,-0.2540326,-0.7784902,-0.03910768,0.5726178
22.65033,0.648368,1.504781,-0.06230892,-0.2475492,-0.7756227,-0.05551422,0.5779679
22.71442,0.6429771,1.533389,-0.05988456,-0.2352656,-0.7751815,-0.07193557,0.5818668
22.78916,0.6356772,1.567329,-0.05895929,-0.2159258,-0.7771319,-0.09461075,0.583516
22.86216,0.6299868,1.599723,-0.05849744,-0.2025843,-0.7775923,-0.1163935,0.5837486
22.93594,0.623925,1.638543,-0.05523105,-0.1783128,-0.7797678,-0.1457435,0.5821731
23.00479,0.6200272,1.673024,-0.05197005,-0.1628062,-0.7802444,-0.1690617,0.579768
23.05923,0.6184893,1.701747,-0.0499066,-0.1521281,-0.7819321,-0.1879205,0.5745652
23.1088,0.6171769,1.724204,-0.0447499,-0.1467279,-0.7797263,-0.2010566,0.5745207
23.1589,0.6170473,1.748736,-0.0387515,-0.1424597,-0.7782344,-0.2148985,0.5726038
23.20949,0.6178252,1.764644,-0.03389215,-0.1395811,-0.7780272,-0.2215445,0.5710594
23.26136,0.6179527,1.781071,-0.02397645,-0.1321062,-0.775694,-0.2337492,0.5711462
23.31162,0.6162879,1.793137,-0.0183342,-0.1276772,-0.7753676,-0.2387537,0.5705264
23.36427,0.6157176,1.803577,-0.01028991,-0.1237606,-0.7718129,-0.2479693,0.5722756
23.41529,0.6167586,1.816848,-0.006155461,-0.1191474,-0.7727317,-0.2577926,0.5676554
23.46627,0.61734,1.827743,-0.001684666,-0.1178393,-0.7705315,-0.2637225,0.568195
23.51567,0.6215632,1.846388,0.0005259812,-0.1198593,-0.7707671,-0.2740341,0.5625454
23.56715,0.6265869,1.86554,0.004707336,-0.1213547,-0.7689955,-0.283318,0.5600445
23.61678,0.6316124,1.882516,0.008446738,-0.1236044,-0.7671512,-0.29448,0.5563116
23.66552,0.6363339,1.896983,0.01168385,-0.1226192,-0.7669251,-0.3029518,0.5522776
23.71301,0.6425841,1.913152,0.01858938,-0.1181925,-0.7655981,-0.3152752,0.5481712
23.76074,0.6469669,1.925849,0.02474833,-0.1162429,-0.7637334,-0.3250429,0.5454778
23.80944,0.6514888,1.937718,0.0323803,-0.1151131,-0.7609284,-0.3336754,0.5444242
23.85817,0.6566907,1.95178,0.04176223,-0.1127101,-0.7572564,-0.3443649,0.5433894
23.90724,0.6615377,1.962678,0.04661138,-0.1108443,-0.7573527,-0.352182,0.5386077
23.95776,0.666552,1.975291,0.05387461,-0.1112643,-0.7547395,-0.3595667,0.5373083
24.00623,0.6717552,1.985498,0.06019743,-0.1105634,-0.7522959,-0.3672182,0.5357028
24.05527,0.6784164,1.998124,0.06417251,-0.1103589,-0.7529814,-0.3753804,0.5290837
24.10257,0.6836374,2.008569,0.06811588,-0.1121935,-0.7516491,-0.3813046,0.5263489
24.15018,0.6901691,2.019885,0.07237418,-0.114808,-0.7503734,-0.3881543,0.5225851
24.19893,0.6961166,2.030394,0.07608907,-0.1207742,-0.7487951,-0.3912678,0.5211805
24.24712,0.7037634,2.043185,0.07931261,-0.1224153,-0.7483637,-0.401015,0.5139584
24.29515,0.708155,2.051564,0.0824544,-0.124098,-0.7477666,-0.4042798,0.5118621
24.34337,0.7144606,2.060974,0.09073146,-0.1249212,-0.7429589,-0.4136338,0.5111887
24.39104,0.7215746,2.070524,0.09590404,-0.1277956,-0.7415441,-0.418364,0.5086768
24.43797,0.7293064,2.079121,0.1027273,-0.1302954,-0.7372773,-0.4283212,0.5059509
24.48507,0.7367779,2.085532,0.1081455,-0.1382475,-0.7332091,-0.429368,0.5088568
24.53631,0.7450932,2.09133,0.1135424,-0.1445031,-0.7289239,-0.4290377,0.5135324
24.58583,0.7515806,2.094688,0.1165099,-0.1440361,-0.7256857,-0.4322452,0.515556
24.64698,0.7671911,2.102702,0.1153132,-0.1552611,-0.7218351,-0.4339647,0.5162584
24.69449,0.7843765,2.111854,0.1109417,-0.1639171,-0.721074,-0.4457796,0.5044442
24.74247,0.7983736,2.116758,0.1026044,-0.1766485,-0.7219544,-0.4426822,0.501607
24.78864,0.8182418,2.124444,0.09210415,-0.1850099,-0.7227685,-0.4519304,0.4890153
24.82771,0.8303731,2.128474,0.08540925,-0.1895771,-0.72322,-0.4573751,0.4814783
24.87511,0.8489838,2.133438,0.07940805,-0.2022527,-0.7180831,-0.4642462,0.4774158
24.91361,0.8586343,2.132197,0.07914722,-0.1969289,-0.7118821,-0.4709217,0.4823647
24.95478,0.8709468,2.128601,0.0709447,-0.1951688,-0.7142102,-0.4735239,0.4770619
24.99433,0.8777413,2.122463,0.06780943,-0.1887561,-0.7142628,-0.4765033,0.4765967
25.03452,0.8857411,2.110687,0.0681185,-0.1739342,-0.7098553,-0.4856757,0.4795534
25.07504,0.8951367,2.100221,0.06213942,-0.1724154,-0.7120388,-0.4852546,0.4772858
25.1153,0.9086813,2.083762,0.05656496,-0.1735927,-0.7091293,-0.4859645,0.4804578
25.15585,0.9184376,2.06067,0.05272362,-0.1500356,-0.7090299,-0.4986961,0.4754663
25.19527,0.9286799,2.041876,0.04160102,-0.1497398,-0.7157869,-0.4924308,0.4719525
25.23557,0.9370869,2.011717,0.0318723,-0.1424009,-0.7175686,-0.4847969,0.4793634
25.27609,0.9508619,1.991132,0.02052538,-0.1273262,-0.7270475,-0.4944555,0.4590247
25.31877,0.9652311,1.958309,0.006184846,-0.1374776,-0.7340798,-0.4758492,0.4645366
25.36238,0.9781535,1.923735,-0.002501324,-0.1259057,-0.7386208,-0.4737591,0.462752
25.40596,0.9991711,1.891124,-0.02109425,-0.1327677,-0.7532838,-0.4608849,0.4500238
25.44961,1.020076,1.857384,-0.03621475,-0.1430238,-0.7652075,-0.4457505,0.4419369
25.49629,1.035879,1.821596,-0.04237969,-0.1131726,-0.7768351,-0.4522293,0.4233294
25.547,1.064457,1.781485,-0.05400081,-0.1415062,-0.7896535,-0.4250344,0.4192482
25.59607,1.0871,1.748292,-0.06566371,-0.1520274,-0.8045751,-0.4055504,0.4062947
25.6448,1.110958,1.707682,-0.07323824,-0.125888,-0.8245681,-0.401003,0.3787298
25.6951,1.138188,1.680429,-0.08195113,-0.154604,-0.8356118,-0.3846891,0.3603678
25.74509,1.161344,1.638399,-0.09229462,-0.137369,-0.8580868,-0.3697429,0.3287964
25.79531,1.186671,1.609786,-0.1007531,-0.1398799,-0.8738522,-0.3591766,0.2963244
25.84517,1.211958,1.570287,-0.1096449,-0.1480978,-0.8924525,-0.332676,0.2663124
25.89388,1.229857,1.537073,-0.1152624,-0.1433428,-0.9084266,-0.3100675,0.2409816
25.94246,1.251898,1.51179,-0.117247,-0.1462363,-0.9195239,-0.2978836,0.210609
25.99097,1.269319,1.483603,-0.1130369,-0.1322143,-0.9308591,-0.2849186,0.1866605
26.03905,1.283894,1.464979,-0.1092191,-0.1407519,-0.9363711,-0.2727789,0.1702636
26.08019,1.29488,1.445154,-0.1054966,-0.1395401,-0.9426942,-0.2600362,0.1556832
26.11985,1.299047,1.42954,-0.1026511,-0.1254016,-0.9486031,-0.2500683,0.1479611
26.16068,1.310639,1.415319,-0.09702803,-0.1157997,-0.9526255,-0.2482639,0.1321372
26.20039,1.332413,1.398757,-0.09607162,-0.1285885,-0.9566504,-0.2385709,0.1066249
26.24009,1.346838,1.383478,-0.09666516,-0.1340243,-0.960561,-0.2266156,0.08947363
26.28109,1.366342,1.366704,-0.09574713,-0.1403382,-0.9634789,-0.218189,0.06638639
26.32065,1.386675,1.350589,-0.09393974,-0.136504,-0.9669618,-0.211673,0.03932029
26.36084,1.399375,1.33944,-0.09264471,-0.1301102,-0.9695155,-0.2063243,0.02326649
26.40092,1.418949,1.326376,-0.08998747,0.1294367,0.9710448,0.2007922,0.0008004686
26.44319,1.445395,1.319205,-0.08412726,0.1317571,0.9690079,0.2055339,0.03767803
26.48856,1.472391,1.324685,-0.07247789,0.1132808,0.964033,0.2265292,0.08057538
26.52674,1.497509,1.33585,-0.06092037,0.1349379,0.953311,0.2460354,0.1116088
26.5648,1.527528,1.350389,-0.04516418,0.1598133,0.9389033,0.2662645,0.1484038
26.60748,1.559102,1.383695,-0.02328183,0.144575,0.9247751,0.2969741,0.1889324
26.65136,1.585421,1.434452,-0.0007268935,0.1360516,0.9048734,0.3479975,0.2039408
26.69807,1.635249,1.480031,0.0323339,0.1447343,0.8744369,0.3865778,0.2548918
26.75079,1.669866,1.517461,0.06012131,0.1397973,0.8491608,0.4175406,0.2916206
26.80257,1.703675,1.559183,0.1002769,0.1530318,0.8077764,0.4705954,0.3203414
26.85643,1.725896,1.591765,0.1282542,0.1597553,0.7833073,0.5024897,0.3292598
26.92305,1.74115,1.624215,0.1614631,0.1515122,0.7540696,0.5463243,0.3315913
26.97387,1.755088,1.634525,0.1777612,0.1605401,0.7391055,0.5624656,0.3340395
27.02528,1.765607,1.646026,0.1937293,0.1306347,0.7286966,0.5687886,0.3583509
27.07693,1.773377,1.655342,0.1969117,0.1308572,0.7255425,0.5804167,0.3458045
27.13087,1.780287,1.659607,0.1996566,0.1200042,0.7189949,0.5874098,0.3515608
27.18402,1.789846,1.662843,0.1861767,0.1279358,0.7287582,0.5857726,0.3307784
27.23628,1.803544,1.663947,0.1711813,0.1214954,0.7377485,0.5766486,0.3293059
27.29142,1.814837,1.664193,0.1704958,0.1019043,0.7352424,0.5712361,0.3503191
27.34306,1.805269,1.67792,0.1862754,0.0778012,0.7178767,0.6017948,0.3412378
27.39405,1.801036,1.686552,0.1940041,0.06314116,0.7057593,0.6182216,0.340175
27.44481,1.801787,1.692752,0.1871179,0.0518796,0.7026526,0.6249275,0.3362342
27.49807,1.812859,1.694149,0.1662579,0.04287076,0.7119831,0.6100301,0.3451168
27.55097,1.815956,1.698268,0.1652232,0.02758755,0.7007672,0.6174047,0.3563366
27.60281,1.812035,1.711352,0.1682706,-0.005359985,0.6819161,0.632151,0.3678952
27.6543,1.805029,1.727913,0.167022,-0.03777943,0.667081,0.6442676,0.3721491
27.70563,1.796782,1.74067,0.1644444,-0.07105311,0.653036,0.6516406,0.3792889
27.75801,1.792827,1.751796,0.1531321,-0.1000851,0.6424947,0.6518404,0.3902404
27.80793,1.779738,1.761337,0.144301,-0.1342573,0.6309785,0.6566684,0.3906759
27.85953,1.77226,1.774651,0.1427526,-0.1730246,0.6129967,0.6555032,0.4057256
27.90936,1.774333,1.784047,0.1333477,-0.1944257,0.5992019,0.6502515,0.4246513
27.96064,1.768351,1.793953,0.1260454,-0.2249025,0.5846398,0.6470657,0.4346507
28.0101,1.766113,1.805673,0.1139228,-0.2617394,0.5690501,0.6392315,0.4461586
28.06025,1.768083,1.811318,0.1008829,-0.2876889,0.5605737,0.6319803,0.451213
28.11061,1.777445,1.813124,0.1006088,-0.2943459,0.5437695,0.634839,0.4633084
28.16122,1.784411,1.819494,0.0922569,-0.3198087,0.5341247,0.621891,0.4750629
28.21258,1.802782,1.823641,0.07872085,-0.3440617,0.5295508,0.603967,0.4862318
28.26306,1.821319,1.820236,0.06782922,-0.3591078,0.5283183,0.5917105,0.4917318
28.31541,1.853791,1.808492,0.05275249,-0.3579198,0.5415208,0.5816656,0.490218
28.36874,1.877723,1.794794,0.04587372,-0.3667863,0.5326279,0.5882435,0.4855357
28.42134,1.910812,1.784865,0.03460315,-0.3754338,0.52779,0.5876173,0.4849671
28.47347,1.932175,1.777191,0.03343621,-0.3784493,0.5147544,0.6099835,0.4687476
28.5253,1.967828,1.773199,0.02607569,-0.3951835,0.4965034,0.6199728,0.461463
28.57912,2.021534,1.774544,0.02215442,-0.3953759,0.4866351,0.6285283,0.4602351
28.63272,2.082582,1.784362,0.01704046,-0.3923585,0.4811229,0.640463,0.4520871
28.68506,2.134666,1.79942,0.008412763,-0.3868326,0.4876294,0.6385009,0.4526531
28.73667,2.172011,1.816336,-6.894767E-05,-0.3981145,0.4732634,0.6540542,0.4355911
28.78869,2.192606,1.830031,-0.006044954,-0.4203086,0.4418062,0.6779357,0.41055
28.83985,2.22066,1.843053,-0.01503167,-0.4256986,0.4372971,0.6863356,0.395595
28.89176,2.254932,1.853875,-0.03223111,-0.4424896,0.4320661,0.6880991,0.3795281
28.94486,2.296273,1.853528,-0.04170917,-0.44192,0.4316997,0.6993253,0.3595638
28.99845,2.361647,1.846401,-0.04310024,-0.4245701,0.4384243,0.6985917,0.3734891
29.05049,2.418208,1.83373,-0.04206805,-0.4106394,0.4386146,0.6965789,0.3921358
29.10164,2.495452,1.813737,-0.04522768,-0.4044138,0.4341766,0.6815109,0.4283493
29.15292,2.580594,1.78649,-0.05512686,-0.3965584,0.4359305,0.6627909,0.4619679
29.20522,2.66541,1.763904,-0.07665487,-0.3789857,0.468738,0.6371979,0.4802431
29.25708,2.779328,1.725772,-0.09642713,-0.3273171,0.502982,0.6199108,0.5055525
29.30872,2.911605,1.68014,-0.1391829,-0.2828376,0.5602708,0.5573552,0.5435575
29.36018,3.011784,1.627685,-0.1531306,-0.2208873,0.5776328,0.5236008,0.5859961
29.4129,3.109349,1.568633,-0.173014,-0.1756741,0.5940144,0.4878315,0.6150658
29.46559,3.176249,1.518661,-0.1740894,-0.1459514,0.5805637,0.5041542,0.6224729
29.517,3.226759,1.483131,-0.1744679,-0.1489513,0.5668941,0.4860373,0.6482378
29.56782,3.284396,1.44279,-0.1603784,-0.1303629,0.5378383,0.4949699,0.6698808
29.61953,3.32955,1.413497,-0.1409105,-0.1336901,0.50072,0.5101628,0.6863967
29.67283,3.392268,1.393058,-0.1434587,-0.1062687,0.5223996,0.5076446,0.6768327
29.7239,3.430837,1.379937,-0.1166999,-0.1183254,0.4957702,0.5275683,0.6796195
29.77564,3.474728,1.370521,-0.1000501,-0.1211866,0.4886053,0.5371189,0.6768175
29.82739,3.525458,1.360867,-0.09613473,-0.149288,0.4890734,0.4726788,0.7177013
29.87855,3.59012,1.337956,-0.08020967,-0.171355,0.4749131,0.3757396,0.7771196
29.92964,3.647894,1.305902,-0.05305005,-0.1622067,0.4459904,0.2757142,0.8359206
29.98085,3.684304,1.28442,-0.03287811,-0.1302862,0.4365123,0.2602764,0.8513159
30.03396,3.721065,1.252566,-0.007251993,-0.1109226,0.4145106,0.2200245,0.8760516
30.08597,3.752039,1.219785,0.01270138,-0.08466841,0.4050949,0.2004233,0.888009
30.13818,3.768974,1.201851,0.02733764,-0.08021896,0.3936794,0.181834,0.8975064
30.19008,3.774865,1.182781,0.0564016,-0.07274888,0.3589691,0.1735974,0.9141732
30.25352,3.78474,1.162841,0.08362821,-0.07001783,0.3377143,0.1472686,0.927016
30.30475,3.7794,1.15259,0.105823,-0.06846665,0.3091647,0.1415395,0.9379212
30.35698,3.771633,1.140244,0.1292343,-0.06454715,0.2804875,0.1360502,0.9479719
30.40943,3.766013,1.128034,0.146837,-0.06376851,0.2603329,0.1275936,0.9549242
30.46213,3.762439,1.120422,0.1553698,-0.07243194,0.2484671,0.1231144,0.9580504
30.51352,3.760667,1.10103,0.1659096,-0.06265431,0.2307823,0.1133506,0.9643473
30.56436,3.757134,1.072838,0.1777114,-0.03807538,0.2053808,0.1123547,0.9714656
30.61534,3.760859,1.052085,0.1836583,-0.02060965,0.1918189,0.1113954,0.9748701
30.66699,3.775845,1.030225,0.1883442,-0.003229677,0.1909654,0.0990319,0.9765831
30.7177,3.788537,1.025049,0.1925982,-0.009277345,0.1928448,0.09858431,0.9762203
30.76983,3.806353,1.0167,0.2007658,-0.01383386,0.1944443,0.1084157,0.9748057
30.82099,3.828264,1.003467,0.2122256,-0.01224482,0.1982053,0.1137547,0.9734601
30.87289,3.846728,0.9904293,0.2241605,-0.009126746,0.2004782,0.1188026,0.9724254
30.92442,3.872875,0.9789339,0.2395304,-0.01223264,0.2059662,0.1322876,0.969499
30.97592,3.905969,0.9715331,0.252203,-0.02023497,0.2264917,0.1340705,0.9645295
31.02708,3.92761,0.9725944,0.2625178,-0.03467635,0.2366538,0.1199304,0.96354
31.07924,3.939964,0.9786907,0.2771676,-0.05095043,0.2329093,0.1262273,0.9629247
31.13151,3.953354,0.9705982,0.2910931,-0.0402858,0.2307774,0.12453,0.9641635
31.18242,3.959782,0.9674588,0.3002094,-0.0358201,0.2243912,0.1232299,0.9660124
31.23373,3.969395,0.9673668,0.3065044,-0.03632018,0.2263828,0.1189296,0.966068
31.28533,3.979606,0.9679021,0.3088111,-0.03866181,0.2325772,0.1147415,0.9650117
